[{"model": "contenttypes.contenttype", "pk": 1, "fields": {"app_label": "admin", "model": "logentry"}}, {"model": "contenttypes.contenttype", "pk": 2, "fields": {"app_label": "auth", "model": "permission"}}, {"model": "contenttypes.contenttype", "pk": 3, "fields": {"app_label": "auth", "model": "group"}}, {"model": "contenttypes.contenttype", "pk": 4, "fields": {"app_label": "auth", "model": "user"}}, {"model": "contenttypes.contenttype", "pk": 5, "fields": {"app_label": "contenttypes", "model": "contenttype"}}, {"model": "contenttypes.contenttype", "pk": 6, "fields": {"app_label": "sessions", "model": "session"}}, {"model": "contenttypes.contenttype", "pk": 7, "fields": {"app_label": "blog", "model": "blogtype"}}, {"model": "contenttypes.contenttype", "pk": 8, "fields": {"app_label": "blog", "model": "blog"}}, {"model": "contenttypes.contenttype", "pk": 9, "fields": {"app_label": "blog", "model": "readnum"}}, {"model": "contenttypes.contenttype", "pk": 10, "fields": {"app_label": "read_statistics", "model": "readnum"}}, {"model": "contenttypes.contenttype", "pk": 11, "fields": {"app_label": "read_statistics", "model": "readdetail"}}, {"model": "contenttypes.contenttype", "pk": 12, "fields": {"app_label": "sites", "model": "site"}}, {"model": "contenttypes.contenttype", "pk": 13, "fields": {"app_label": "comment", "model": "comment"}}, {"model": "contenttypes.contenttype", "pk": 14, "fields": {"app_label": "likes", "model": "likecount"}}, {"model": "contenttypes.contenttype", "pk": 15, "fields": {"app_label": "likes", "model": "likerecord"}}, {"model": "contenttypes.contenttype", "pk": 16, "fields": {"app_label": "user", "model": "profile"}}, {"model": "sessions.session", "pk": "1h2fpf5js0whyk5gajx014ie2apkhh1i", "fields": {"session_data": "MmVkZGQ4MDQ5MDRkYjU5YzFmYWE3MjZkNzZmM2Q0ZjNkZjMxMTdmYTp7Il9hdXRoX3VzZXJfaWQiOiIxIiwiX2F1dGhfdXNlcl9iYWNrZW5kIjoiZGphbmdvLmNvbnRyaWIuYXV0aC5iYWNrZW5kcy5Nb2RlbEJhY2tlbmQiLCJfYXV0aF91c2VyX2hhc2giOiJjZDc5NjkzNmNlNjEyZGE5ZGEwYzM0NTFiNmM3Yjk3YmM4MjI0OGFkIn0=", "expire_date": "2019-05-20T03:07:20.097Z"}}, {"model": "sessions.session", "pk": "3b0fvzxmka0te9ghgnief2744m3zqrqt", "fields": {"session_data": "ZjEyNjg1NDgyYjZlNjBjMzI3ZmVlM2FkYzUzMjAxZDMzOGVjMzYyMDp7fQ==", "expire_date": "2019-05-17T06:44:42.062Z"}}, {"model": "sessions.session", "pk": "4k6excfylcv79ssxt2howpwnr9i8n6e6", "fields": {"session_data": "NDQ0YmNhNTVmOGRkOWZlYTQzOTEyZjRmZGZiMTI1NWJhNjJhYjY0Yzp7Il9hdXRoX3VzZXJfaWQiOiIxIiwiX2F1dGhfdXNlcl9iYWNrZW5kIjoiZGphbmdvLmNvbnRyaWIuYXV0aC5iYWNrZW5kcy5Nb2RlbEJhY2tlbmQiLCJfYXV0aF91c2VyX2hhc2giOiIyNjk1NjI2Mzk0MjUyMDkyMTI4YTUwMDc1MWIyNWU2ZWI4YTQ0OWViIn0=", "expire_date": "2019-05-17T10:59:13.874Z"}}, {"model": "sessions.session", "pk": "xvgmakd50wys0cdemxqezg8ssncyypi4", "fields": {"session_data": "ZWIwODYyMWVhZDc1YTY1ZjBkMzVhM2E2MmQ4MzY0MTEwYmRiZWNkZjp7Il9hdXRoX3VzZXJfaWQiOiIxIiwiX2F1dGhfdXNlcl9iYWNrZW5kIjoiZGphbmdvLmNvbnRyaWIuYXV0aC5iYWNrZW5kcy5Nb2RlbEJhY2tlbmQiLCJfYXV0aF91c2VyX2hhc2giOiI4NjU4MDZiZWQ1NmE3OGZhNjIzYmQwZGEwOWIyNmI0MThlMmM5YWQxIn0=", "expire_date": "2019-04-29T00:34:47.004Z"}}, {"model": "sessions.session", "pk": "zlqepqq0wfiq8i2dutxbjsodeah25o6j", "fields": {"session_data": "NDQ0YmNhNTVmOGRkOWZlYTQzOTEyZjRmZGZiMTI1NWJhNjJhYjY0Yzp7Il9hdXRoX3VzZXJfaWQiOiIxIiwiX2F1dGhfdXNlcl9iYWNrZW5kIjoiZGphbmdvLmNvbnRyaWIuYXV0aC5iYWNrZW5kcy5Nb2RlbEJhY2tlbmQiLCJfYXV0aF91c2VyX2hhc2giOiIyNjk1NjI2Mzk0MjUyMDkyMTI4YTUwMDc1MWIyNWU2ZWI4YTQ0OWViIn0=", "expire_date": "2019-05-17T10:59:04.162Z"}}, {"model": "blog.blogtype", "pk": 1, "fields": {"type_name": "\u968f\u7b14"}}, {"model": "blog.blogtype", "pk": 2, "fields": {"type_name": "\u611f\u60f3"}}, {"model": "blog.blogtype", "pk": 3, "fields": {"type_name": "\u54f2\u601d"}}, {"model": "read_statistics.readnum", "pk": 1, "fields": {"read_num": 33, "content_type": 8, "object_id": 24}}, {"model": "read_statistics.readnum", "pk": 2, "fields": {"read_num": 10, "content_type": 8, "object_id": 23}}, {"model": "read_statistics.readnum", "pk": 3, "fields": {"read_num": 6, "content_type": 8, "object_id": 22}}, {"model": "read_statistics.readnum", "pk": 4, "fields": {"read_num": 3, "content_type": 8, "object_id": 20}}, {"model": "read_statistics.readnum", "pk": 5, "fields": {"read_num": 1, "content_type": 8, "object_id": 19}}, {"model": "read_statistics.readnum", "pk": 6, "fields": {"read_num": 3, "content_type": 8, "object_id": 21}}, {"model": "read_statistics.readnum", "pk": 7, "fields": {"read_num": 1, "content_type": 8, "object_id": 25}}, {"model": "read_statistics.readnum", "pk": 8, "fields": {"read_num": 2, "content_type": 8, "object_id": 27}}, {"model": "read_statistics.readnum", "pk": 9, "fields": {"read_num": 1, "content_type": 8, "object_id": 32}}, {"model": "read_statistics.readnum", "pk": 10, "fields": {"read_num": 1, "content_type": 8, "object_id": 35}}, {"model": "read_statistics.readnum", "pk": 11, "fields": {"read_num": 1, "content_type": 8, "object_id": 38}}, {"model": "read_statistics.readdetail", "pk": 1, "fields": {"date": "2019-04-28", "read_num": 11, "content_type": 8, "object_id": 24}}, {"model": "read_statistics.readdetail", "pk": 2, "fields": {"date": "2019-04-29", "read_num": 6, "content_type": 8, "object_id": 23}}, {"model": "read_statistics.readdetail", "pk": 3, "fields": {"date": "2019-04-29", "read_num": 1, "content_type": 8, "object_id": 20}}, {"model": "read_statistics.readdetail", "pk": 4, "fields": {"date": "2019-04-29", "read_num": 1, "content_type": 8, "object_id": 24}}, {"model": "read_statistics.readdetail", "pk": 5, "fields": {"date": "2019-04-29", "read_num": 2, "content_type": 8, "object_id": 22}}, {"model": "read_statistics.readdetail", "pk": 6, "fields": {"date": "2019-04-30", "read_num": 8, "content_type": 8, "object_id": 24}}, {"model": "read_statistics.readdetail", "pk": 7, "fields": {"date": "2019-04-30", "read_num": 5, "content_type": 8, "object_id": 23}}, {"model": "read_statistics.readdetail", "pk": 8, "fields": {"date": "2019-04-22", "read_num": 13, "content_type": 8, "object_id": 22}}, {"model": "read_statistics.readdetail", "pk": 9, "fields": {"date": "2019-04-23", "read_num": 41, "content_type": 8, "object_id": 23}}, {"model": "read_statistics.readdetail", "pk": 10, "fields": {"date": "2019-04-24", "read_num": 22, "content_type": 8, "object_id": 20}}, {"model": "read_statistics.readdetail", "pk": 11, "fields": {"date": "2019-04-25", "read_num": 11, "content_type": 8, "object_id": 19}}, {"model": "read_statistics.readdetail", "pk": 12, "fields": {"date": "2019-04-26", "read_num": 2, "content_type": 8, "object_id": 19}}, {"model": "read_statistics.readdetail", "pk": 13, "fields": {"date": "2019-04-27", "read_num": 10, "content_type": 8, "object_id": 20}}, {"model": "read_statistics.readdetail", "pk": 14, "fields": {"date": "2019-04-30", "read_num": 2, "content_type": 8, "object_id": 22}}, {"model": "read_statistics.readdetail", "pk": 15, "fields": {"date": "2019-05-01", "read_num": 2, "content_type": 8, "object_id": 23}}, {"model": "read_statistics.readdetail", "pk": 16, "fields": {"date": "2019-05-01", "read_num": 4, "content_type": 8, "object_id": 24}}, {"model": "read_statistics.readdetail", "pk": 17, "fields": {"date": "2019-05-01", "read_num": 1, "content_type": 8, "object_id": 22}}, {"model": "read_statistics.readdetail", "pk": 18, "fields": {"date": "2019-05-01", "read_num": 2, "content_type": 8, "object_id": 20}}, {"model": "read_statistics.readdetail", "pk": 19, "fields": {"date": "2019-05-01", "read_num": 1, "content_type": 8, "object_id": 19}}, {"model": "read_statistics.readdetail", "pk": 20, "fields": {"date": "2019-05-01", "read_num": 3, "content_type": 8, "object_id": 21}}, {"model": "read_statistics.readdetail", "pk": 21, "fields": {"date": "2019-05-02", "read_num": 2, "content_type": 8, "object_id": 24}}, {"model": "read_statistics.readdetail", "pk": 22, "fields": {"date": "2019-05-03", "read_num": 3, "content_type": 8, "object_id": 24}}, {"model": "read_statistics.readdetail", "pk": 23, "fields": {"date": "2019-05-04", "read_num": 1, "content_type": 8, "object_id": 24}}, {"model": "read_statistics.readdetail", "pk": 24, "fields": {"date": "2019-05-05", "read_num": 2, "content_type": 8, "object_id": 24}}, {"model": "read_statistics.readdetail", "pk": 25, "fields": {"date": "2019-05-06", "read_num": 1, "content_type": 8, "object_id": 25}}, {"model": "read_statistics.readdetail", "pk": 26, "fields": {"date": "2019-05-06", "read_num": 1, "content_type": 8, "object_id": 27}}, {"model": "read_statistics.readdetail", "pk": 27, "fields": {"date": "2019-05-08", "read_num": 1, "content_type": 8, "object_id": 32}}, {"model": "read_statistics.readdetail", "pk": 28, "fields": {"date": "2019-05-10", "read_num": 1, "content_type": 8, "object_id": 27}}, {"model": "read_statistics.readdetail", "pk": 29, "fields": {"date": "2019-05-10", "read_num": 1, "content_type": 8, "object_id": 35}}, {"model": "read_statistics.readdetail", "pk": 30, "fields": {"date": "2019-05-10", "read_num": 1, "content_type": 8, "object_id": 38}}, {"model": "read_statistics.readdetail", "pk": 31, "fields": {"date": "2019-05-10", "read_num": 1, "content_type": 8, "object_id": 24}}, {"model": "likes.likecount", "pk": 1, "fields": {"content_type": 8, "object_id": 24, "liked_num": 1}}, {"model": "likes.likecount", "pk": 2, "fields": {"content_type": 8, "object_id": 23, "liked_num": 0}}, {"model": "likes.likecount", "pk": 3, "fields": {"content_type": 8, "object_id": 22, "liked_num": 0}}, {"model": "likes.likecount", "pk": 4, "fields": {"content_type": 8, "object_id": 21, "liked_num": 0}}, {"model": "likes.likecount", "pk": 5, "fields": {"content_type": 8, "object_id": 20, "liked_num": 0}}, {"model": "likes.likecount", "pk": 6, "fields": {"content_type": 13, "object_id": 12, "liked_num": 0}}, {"model": "likes.likecount", "pk": 7, "fields": {"content_type": 13, "object_id": 14, "liked_num": 1}}, {"model": "likes.likecount", "pk": 8, "fields": {"content_type": 13, "object_id": 15, "liked_num": 0}}, {"model": "likes.likecount", "pk": 9, "fields": {"content_type": 13, "object_id": 17, "liked_num": 0}}, {"model": "likes.likecount", "pk": 10, "fields": {"content_type": 13, "object_id": 11, "liked_num": 0}}, {"model": "likes.likecount", "pk": 11, "fields": {"content_type": 13, "object_id": 10, "liked_num": 0}}, {"model": "likes.likecount", "pk": 12, "fields": {"content_type": 13, "object_id": 9, "liked_num": 0}}, {"model": "likes.likecount", "pk": 13, "fields": {"content_type": 13, "object_id": 8, "liked_num": 0}}, {"model": "likes.likecount", "pk": 14, "fields": {"content_type": 13, "object_id": 5, "liked_num": 0}}, {"model": "likes.likecount", "pk": 15, "fields": {"content_type": 13, "object_id": 4, "liked_num": 0}}, {"model": "likes.likecount", "pk": 16, "fields": {"content_type": 13, "object_id": 13, "liked_num": 0}}, {"model": "likes.likecount", "pk": 17, "fields": {"content_type": 13, "object_id": 2, "liked_num": 0}}, {"model": "likes.likecount", "pk": 18, "fields": {"content_type": 13, "object_id": 1, "liked_num": 0}}, {"model": "likes.likecount", "pk": 19, "fields": {"content_type": 13, "object_id": 18, "liked_num": 0}}, {"model": "likes.likecount", "pk": 20, "fields": {"content_type": 13, "object_id": 19, "liked_num": 0}}, {"model": "likes.likecount", "pk": 21, "fields": {"content_type": 13, "object_id": 20, "liked_num": 0}}, {"model": "likes.likecount", "pk": 22, "fields": {"content_type": 13, "object_id": 21, "liked_num": 0}}, {"model": "likes.likecount", "pk": 23, "fields": {"content_type": 13, "object_id": 22, "liked_num": 0}}, {"model": "likes.likecount", "pk": 24, "fields": {"content_type": 13, "object_id": 23, "liked_num": 0}}, {"model": "likes.likecount", "pk": 25, "fields": {"content_type": 13, "object_id": 24, "liked_num": 0}}, {"model": "likes.likecount", "pk": 26, "fields": {"content_type": 13, "object_id": 25, "liked_num": 0}}, {"model": "likes.likecount", "pk": 27, "fields": {"content_type": 13, "object_id": 26, "liked_num": 0}}, {"model": "likes.likecount", "pk": 28, "fields": {"content_type": 13, "object_id": 27, "liked_num": 0}}, {"model": "likes.likecount", "pk": 29, "fields": {"content_type": 13, "object_id": 28, "liked_num": 0}}, {"model": "likes.likecount", "pk": 30, "fields": {"content_type": 13, "object_id": 29, "liked_num": 0}}, {"model": "likes.likecount", "pk": 31, "fields": {"content_type": 13, "object_id": 30, "liked_num": 0}}, {"model": "likes.likecount", "pk": 32, "fields": {"content_type": 13, "object_id": 31, "liked_num": 0}}, {"model": "likes.likecount", "pk": 33, "fields": {"content_type": 13, "object_id": 32, "liked_num": 0}}, {"model": "likes.likecount", "pk": 34, "fields": {"content_type": 13, "object_id": 33, "liked_num": 0}}, {"model": "likes.likecount", "pk": 35, "fields": {"content_type": 8, "object_id": 25, "liked_num": 0}}, {"model": "likes.likecount", "pk": 36, "fields": {"content_type": 13, "object_id": 34, "liked_num": 0}}, {"model": "likes.likecount", "pk": 37, "fields": {"content_type": 8, "object_id": 26, "liked_num": 0}}, {"model": "likes.likecount", "pk": 38, "fields": {"content_type": 8, "object_id": 27, "liked_num": 0}}, {"model": "likes.likecount", "pk": 39, "fields": {"content_type": 13, "object_id": 36, "liked_num": 0}}, {"model": "likes.likecount", "pk": 40, "fields": {"content_type": 8, "object_id": 28, "liked_num": 0}}, {"model": "likes.likecount", "pk": 41, "fields": {"content_type": 8, "object_id": 29, "liked_num": 0}}, {"model": "likes.likecount", "pk": 42, "fields": {"content_type": 8, "object_id": 30, "liked_num": 0}}, {"model": "likes.likecount", "pk": 43, "fields": {"content_type": 8, "object_id": 31, "liked_num": 0}}, {"model": "likes.likecount", "pk": 44, "fields": {"content_type": 8, "object_id": 32, "liked_num": 1}}, {"model": "likes.likecount", "pk": 45, "fields": {"content_type": 8, "object_id": 33, "liked_num": 0}}, {"model": "likes.likecount", "pk": 46, "fields": {"content_type": 8, "object_id": 34, "liked_num": 0}}, {"model": "likes.likecount", "pk": 47, "fields": {"content_type": 8, "object_id": 1, "liked_num": 0}}, {"model": "likes.likecount", "pk": 48, "fields": {"content_type": 8, "object_id": 35, "liked_num": 0}}, {"model": "likes.likecount", "pk": 49, "fields": {"content_type": 8, "object_id": 36, "liked_num": 0}}, {"model": "likes.likecount", "pk": 50, "fields": {"content_type": 8, "object_id": 37, "liked_num": 0}}, {"model": "likes.likecount", "pk": 51, "fields": {"content_type": 8, "object_id": 38, "liked_num": 0}}, {"model": "auth.permission", "pk": 1, "fields": {"name": "Can add log entry", "content_type": 1, "codename": "add_logentry"}}, {"model": "auth.permission", "pk": 2, "fields": {"name": "Can change log entry", "content_type": 1, "codename": "change_logentry"}}, {"model": "auth.permission", "pk": 3, "fields": {"name": "Can delete log entry", "content_type": 1, "codename": "delete_logentry"}}, {"model": "auth.permission", "pk": 4, "fields": {"name": "Can add permission", "content_type": 2, "codename": "add_permission"}}, {"model": "auth.permission", "pk": 5, "fields": {"name": "Can change permission", "content_type": 2, "codename": "change_permission"}}, {"model": "auth.permission", "pk": 6, "fields": {"name": "Can delete permission", "content_type": 2, "codename": "delete_permission"}}, {"model": "auth.permission", "pk": 7, "fields": {"name": "Can add group", "content_type": 3, "codename": "add_group"}}, {"model": "auth.permission", "pk": 8, "fields": {"name": "Can change group", "content_type": 3, "codename": "change_group"}}, {"model": "auth.permission", "pk": 9, "fields": {"name": "Can delete group", "content_type": 3, "codename": "delete_group"}}, {"model": "auth.permission", "pk": 10, "fields": {"name": "Can add user", "content_type": 4, "codename": "add_user"}}, {"model": "auth.permission", "pk": 11, "fields": {"name": "Can change user", "content_type": 4, "codename": "change_user"}}, {"model": "auth.permission", "pk": 12, "fields": {"name": "Can delete user", "content_type": 4, "codename": "delete_user"}}, {"model": "auth.permission", "pk": 13, "fields": {"name": "Can add content type", "content_type": 5, "codename": "add_contenttype"}}, {"model": "auth.permission", "pk": 14, "fields": {"name": "Can change content type", "content_type": 5, "codename": "change_contenttype"}}, {"model": "auth.permission", "pk": 15, "fields": {"name": "Can delete content type", "content_type": 5, "codename": "delete_contenttype"}}, {"model": "auth.permission", "pk": 16, "fields": {"name": "Can add session", "content_type": 6, "codename": "add_session"}}, {"model": "auth.permission", "pk": 17, "fields": {"name": "Can change session", "content_type": 6, "codename": "change_session"}}, {"model": "auth.permission", "pk": 18, "fields": {"name": "Can delete session", "content_type": 6, "codename": "delete_session"}}, {"model": "auth.permission", "pk": 19, "fields": {"name": "Can add blog type", "content_type": 7, "codename": "add_blogtype"}}, {"model": "auth.permission", "pk": 20, "fields": {"name": "Can change blog type", "content_type": 7, "codename": "change_blogtype"}}, {"model": "auth.permission", "pk": 21, "fields": {"name": "Can delete blog type", "content_type": 7, "codename": "delete_blogtype"}}, {"model": "auth.permission", "pk": 22, "fields": {"name": "Can add blog", "content_type": 8, "codename": "add_blog"}}, {"model": "auth.permission", "pk": 23, "fields": {"name": "Can change blog", "content_type": 8, "codename": "change_blog"}}, {"model": "auth.permission", "pk": 24, "fields": {"name": "Can delete blog", "content_type": 8, "codename": "delete_blog"}}, {"model": "auth.permission", "pk": 25, "fields": {"name": "Can view log entry", "content_type": 1, "codename": "view_logentry"}}, {"model": "auth.permission", "pk": 26, "fields": {"name": "Can view permission", "content_type": 2, "codename": "view_permission"}}, {"model": "auth.permission", "pk": 27, "fields": {"name": "Can view group", "content_type": 3, "codename": "view_group"}}, {"model": "auth.permission", "pk": 28, "fields": {"name": "Can view user", "content_type": 4, "codename": "view_user"}}, {"model": "auth.permission", "pk": 29, "fields": {"name": "Can view content type", "content_type": 5, "codename": "view_contenttype"}}, {"model": "auth.permission", "pk": 30, "fields": {"name": "Can view session", "content_type": 6, "codename": "view_session"}}, {"model": "auth.permission", "pk": 31, "fields": {"name": "Can view blog", "content_type": 8, "codename": "view_blog"}}, {"model": "auth.permission", "pk": 32, "fields": {"name": "Can view blog type", "content_type": 7, "codename": "view_blogtype"}}, {"model": "auth.permission", "pk": 33, "fields": {"name": "Can add read num", "content_type": 9, "codename": "add_readnum"}}, {"model": "auth.permission", "pk": 34, "fields": {"name": "Can change read num", "content_type": 9, "codename": "change_readnum"}}, {"model": "auth.permission", "pk": 35, "fields": {"name": "Can delete read num", "content_type": 9, "codename": "delete_readnum"}}, {"model": "auth.permission", "pk": 36, "fields": {"name": "Can view read num", "content_type": 9, "codename": "view_readnum"}}, {"model": "auth.permission", "pk": 37, "fields": {"name": "Can add read num", "content_type": 10, "codename": "add_readnum"}}, {"model": "auth.permission", "pk": 38, "fields": {"name": "Can change read num", "content_type": 10, "codename": "change_readnum"}}, {"model": "auth.permission", "pk": 39, "fields": {"name": "Can delete read num", "content_type": 10, "codename": "delete_readnum"}}, {"model": "auth.permission", "pk": 40, "fields": {"name": "Can view read num", "content_type": 10, "codename": "view_readnum"}}, {"model": "auth.permission", "pk": 41, "fields": {"name": "Can add read detail", "content_type": 11, "codename": "add_readdetail"}}, {"model": "auth.permission", "pk": 42, "fields": {"name": "Can change read detail", "content_type": 11, "codename": "change_readdetail"}}, {"model": "auth.permission", "pk": 43, "fields": {"name": "Can delete read detail", "content_type": 11, "codename": "delete_readdetail"}}, {"model": "auth.permission", "pk": 44, "fields": {"name": "Can view read detail", "content_type": 11, "codename": "view_readdetail"}}, {"model": "auth.permission", "pk": 45, "fields": {"name": "Can add site", "content_type": 12, "codename": "add_site"}}, {"model": "auth.permission", "pk": 46, "fields": {"name": "Can change site", "content_type": 12, "codename": "change_site"}}, {"model": "auth.permission", "pk": 47, "fields": {"name": "Can delete site", "content_type": 12, "codename": "delete_site"}}, {"model": "auth.permission", "pk": 48, "fields": {"name": "Can view site", "content_type": 12, "codename": "view_site"}}, {"model": "auth.permission", "pk": 49, "fields": {"name": "Can add comment", "content_type": 13, "codename": "add_comment"}}, {"model": "auth.permission", "pk": 50, "fields": {"name": "Can change comment", "content_type": 13, "codename": "change_comment"}}, {"model": "auth.permission", "pk": 51, "fields": {"name": "Can delete comment", "content_type": 13, "codename": "delete_comment"}}, {"model": "auth.permission", "pk": 52, "fields": {"name": "Can view comment", "content_type": 13, "codename": "view_comment"}}, {"model": "auth.permission", "pk": 53, "fields": {"name": "Can add like count", "content_type": 14, "codename": "add_likecount"}}, {"model": "auth.permission", "pk": 54, "fields": {"name": "Can change like count", "content_type": 14, "codename": "change_likecount"}}, {"model": "auth.permission", "pk": 55, "fields": {"name": "Can delete like count", "content_type": 14, "codename": "delete_likecount"}}, {"model": "auth.permission", "pk": 56, "fields": {"name": "Can add like record", "content_type": 15, "codename": "add_likerecord"}}, {"model": "auth.permission", "pk": 57, "fields": {"name": "Can change like record", "content_type": 15, "codename": "change_likerecord"}}, {"model": "auth.permission", "pk": 58, "fields": {"name": "Can delete like record", "content_type": 15, "codename": "delete_likerecord"}}, {"model": "auth.permission", "pk": 59, "fields": {"name": "Can add profile", "content_type": 16, "codename": "add_profile"}}, {"model": "auth.permission", "pk": 60, "fields": {"name": "Can change profile", "content_type": 16, "codename": "change_profile"}}, {"model": "auth.permission", "pk": 61, "fields": {"name": "Can delete profile", "content_type": 16, "codename": "delete_profile"}}, {"model": "auth.user", "pk": 1, "fields": {"password": "pbkdf2_sha256$100000$yvyDmwe5Hlo5$N/0L43Z0j9D9pD6bxCqkWo5Fl2/On9CI9bLid8nj26o=", "last_login": "2019-05-06T03:07:20.010Z", "is_superuser": true, "username": "lss", "first_name": "", "last_name": "", "email": "751160121@qq.com", "is_staff": true, "is_active": true, "date_joined": "2019-04-15T00:26:43Z", "groups": [], "user_permissions": []}}, {"model": "blog.blog", "pk": 1, "fields": {"title": "\u7b2c\u4e00\u7bc7\u535a\u5ba2", "blog_type": 1, "content": "<p><img alt=\"\" src=\"/media/upload/2019/04/28/66823055_p0.jpg\" style=\"height:250px; width:179px\" />\u8fd9\u662f\u5b66\u4e60\u7528django\u642d\u5efa\u81ea\u5df1\u535a\u5ba2\u7684\u7b2c\u4e00\u7bc7</p>", "author": 1, "created_time": "2019-04-15T00:38:33.410Z", "last_updated_time": "2019-04-28T01:54:15.952Z"}}, {"model": "blog.blog", "pk": 2, "fields": {"title": "\u6d4b\u8bd5", "blog_type": 1, "content": "\u770b\u770b\u80fd\u4e0d\u80fd\u627e\u5230\u770b\u770b\u80fd\u4e0d\u80fd\u627e\u5230\u770b\u770b\u80fd\u4e0d\u80fd\u627e\u5230\u770b\u770b\u80fd\u4e0d\u80fd\u627e\u5230\u770b\u770b\u80fd\u4e0d\u80fd\u627e\u5230\u770b\u770b\u80fd\u4e0d\u80fd\u627e\u5230\u770b\u770b\u80fd\u4e0d\u80fd\u627e\u5230\u770b\u770b\u80fd\u4e0d\u80fd\u627e\u5230\u770b\u770b\u80fd\u4e0d\u80fd\u627e\u5230\u770b\u770b\u80fd\u4e0d\u80fd\u627e\u5230\u770b\u770b\u80fd\u4e0d\u80fd\u627e\u5230\u770b\u770b\u80fd\u4e0d\u80fd\u627e\u5230\u770b\u770b\u80fd\u4e0d\u80fd\u627e\u5230\u770b\u770b\u80fd\u4e0d\u80fd\u627e\u5230\u770b\u770b\u80fd\u4e0d\u80fd\u627e\u5230\u770b\u770b\u80fd\u4e0d\u80fd\u627e\u5230\u770b\u770b\u80fd\u4e0d\u80fd\u627e\u5230\u770b\u770b\u80fd\u4e0d\u80fd\u627e\u5230\u770b\u770b\u80fd\u4e0d\u80fd\u627e\u5230\u770b\u770b\u80fd\u4e0d\u80fd\u627e\u5230\u770b\u770b\u80fd\u4e0d\u80fd\u627e\u5230\u770b\u770b\u80fd\u4e0d\u80fd\u627e\u5230\u770b\u770b\u80fd\u4e0d\u80fd\u627e\u5230\u770b\u770b\u80fd\u4e0d\u80fd\u627e\u5230\u770b\u770b\u80fd\u4e0d\u80fd\u627e\u5230\u770b\u770b\u80fd\u4e0d\u80fd\u627e\u5230\u770b\u770b\u80fd\u4e0d\u80fd\u627e\u5230\u770b\u770b\u80fd\u4e0d\u80fd\u627e\u5230\u770b\u770b\u80fd\u4e0d\u80fd\u627e\u5230\u770b\u770b\u80fd\u4e0d\u80fd\u627e\u5230\u770b\u770b\u80fd\u4e0d\u80fd\u627e\u5230\u770b\u770b\u80fd\u4e0d\u80fd\u627e\u5230\u770b\u770b\u80fd\u4e0d\u80fd\u627e\u5230\u770b\u770b\u80fd\u4e0d\u80fd\u627e\u5230\u770b\u770b\u80fd\u4e0d\u80fd\u627e\u5230\u770b\u770b\u80fd\u4e0d\u80fd\u627e\u5230\u770b\u770b\u80fd\u4e0d\u80fd\u627e\u5230\u770b\u770b\u80fd\u4e0d\u80fd\u627e\u5230\u770b\u770b\u80fd\u4e0d\u80fd\u627e\u5230\u770b\u770b\u80fd\u4e0d\u80fd\u627e\u5230\u770b\u770b\u80fd\u4e0d\u80fd\u627e\u5230\u770b\u770b\u80fd\u4e0d\u80fd\u627e\u5230\u770b\u770b\u80fd\u4e0d\u80fd\u627e\u5230\u770b\u770b\u80fd\u4e0d\u80fd\u627e\u5230\u770b\u770b\u80fd\u4e0d\u80fd\u627e\u5230\u770b\u770b\u80fd\u4e0d\u80fd\u627e\u5230\u770b\u770b\u80fd\u4e0d\u80fd\u627e\u5230\u770b\u770b\u80fd\u4e0d\u80fd\u627e\u5230\u770b\u770b\u80fd\u4e0d\u80fd\u627e\u5230\u770b\u770b\u80fd\u4e0d\u80fd\u627e\u5230\u770b\u770b\u80fd\u4e0d\u80fd\u627e\u5230\u770b\u770b\u80fd\u4e0d\u80fd\u627e\u5230\u770b\u770b\u80fd\u4e0d\u80fd\u627e\u5230\u770b\u770b\u80fd\u4e0d\u80fd\u627e\u5230\u770b\u770b\u80fd\u4e0d\u80fd\u627e\u5230\u770b\u770b\u80fd\u4e0d\u80fd\u627e\u5230\u770b\u770b\u80fd\u4e0d\u80fd\u627e\u5230\u770b\u770b\u80fd\u4e0d\u80fd\u627e\u5230\u770b\u770b\u80fd\u4e0d\u80fd\u627e\u5230\u770b\u770b\u80fd\u4e0d\u80fd\u627e\u5230\u770b\u770b\u80fd\u4e0d\u80fd\u627e\u5230\u770b\u770b\u80fd\u4e0d\u80fd\u627e\u5230\u770b\u770b\u80fd\u4e0d\u80fd\u627e\u5230\u770b\u770b\u80fd\u4e0d\u80fd\u627e\u5230\u770b\u770b\u80fd\u4e0d\u80fd\u627e\u5230\u770b\u770b\u80fd\u4e0d\u80fd\u627e\u5230\u770b\u770b\u80fd\u4e0d\u80fd\u627e\u5230\u770b\u770b\u80fd\u4e0d\u80fd\u627e\u5230\u770b\u770b\u80fd\u4e0d\u80fd\u627e\u5230\u770b\u770b\u80fd\u4e0d\u80fd\u627e\u5230\u770b\u770b\u80fd\u4e0d\u80fd\u627e\u5230\u770b\u770b\u80fd\u4e0d\u80fd\u627e\u5230\u770b\u770b\u80fd\u4e0d\u80fd\u627e\u5230\u770b\u770b\u80fd\u4e0d\u80fd\u627e\u5230\u770b\u770b\u80fd\u4e0d\u80fd\u627e\u5230\u770b\u770b\u80fd\u4e0d\u80fd\u627e\u5230\u770b\u770b\u80fd\u4e0d\u80fd\u627e\u5230\u770b\u770b\u80fd\u4e0d\u80fd\u627e\u5230\u770b\u770b\u80fd\u4e0d\u80fd\u627e\u5230\u770b\u770b\u80fd\u4e0d\u80fd\u627e\u5230\u770b\u770b\u80fd\u4e0d\u80fd\u627e\u5230\u770b\u770b\u80fd\u4e0d\u80fd\u627e\u5230\u770b\u770b\u80fd\u4e0d\u80fd\u627e\u5230\u770b\u770b\u80fd\u4e0d\u80fd\u627e\u5230\u770b\u770b\u80fd\u4e0d\u80fd\u627e\u5230\u770b\u770b\u80fd\u4e0d\u80fd\u627e\u5230\u770b\u770b\u80fd\u4e0d\u80fd\u627e\u5230\u770b\u770b\u80fd\u4e0d\u80fd\u627e\u5230\u770b\u770b\u80fd\u4e0d\u80fd\u627e\u5230\u770b\u770b\u80fd\u4e0d\u80fd\u627e\u5230\u770b\u770b\u80fd\u4e0d\u80fd\u627e\u5230\u770b\u770b\u80fd\u4e0d\u80fd\u627e\u5230\u770b\u770b\u80fd\u4e0d\u80fd\u627e\u5230\u770b\u770b\u80fd\u4e0d\u80fd\u627e\u5230\u770b\u770b\u80fd\u4e0d\u80fd\u627e\u5230\u770b\u770b\u80fd\u4e0d\u80fd\u627e\u5230\u770b\u770b\u80fd\u4e0d\u80fd\u627e\u5230\u770b\u770b\u80fd\u4e0d\u80fd\u627e\u5230\u770b\u770b\u80fd\u4e0d\u80fd\u627e\u5230\u770b\u770b\u80fd\u4e0d\u80fd\u627e\u5230\u770b\u770b\u80fd\u4e0d\u80fd\u627e\u5230\u770b\u770b\u80fd\u4e0d\u80fd\u627e\u5230\u770b\u770b\u80fd\u4e0d\u80fd\u627e\u5230\u770b\u770b\u80fd\u4e0d\u80fd\u627e\u5230\u770b\u770b\u80fd\u4e0d\u80fd\u627e\u5230\u770b\u770b\u80fd\u4e0d\u80fd\u627e\u5230\u770b\u770b\u80fd\u4e0d\u80fd\u627e\u5230\u770b\u770b\u80fd\u4e0d\u80fd\u627e\u5230\u770b\u770b\u80fd\u4e0d\u80fd\u627e\u5230\u770b\u770b\u80fd\u4e0d\u80fd\u627e\u5230\u770b\u770b\u80fd\u4e0d\u80fd\u627e\u5230\u770b\u770b\u80fd\u4e0d\u80fd\u627e\u5230\u770b\u770b\u80fd\u4e0d\u80fd\u627e\u5230\u770b\u770b\u80fd\u4e0d\u80fd\u627e\u5230\u770b\u770b\u80fd\u4e0d\u80fd\u627e\u5230\u770b\u770b\u80fd\u4e0d\u80fd\u627e\u5230\u770b\u770b\u80fd\u4e0d\u80fd\u627e\u5230\u770b\u770b\u80fd\u4e0d\u80fd\u627e\u5230\u770b\u770b\u80fd\u4e0d\u80fd\u627e\u5230\u770b\u770b\u80fd\u4e0d\u80fd\u627e\u5230\u770b\u770b\u80fd\u4e0d\u80fd\u627e\u5230\u770b\u770b\u80fd\u4e0d\u80fd\u627e\u5230\u770b\u770b\u80fd\u4e0d\u80fd\u627e\u5230\u770b\u770b\u80fd\u4e0d\u80fd\u627e\u5230\u770b\u770b\u80fd\u4e0d\u80fd\u627e\u5230\u770b\u770b\u80fd\u4e0d\u80fd\u627e\u5230\u770b\u770b\u80fd\u4e0d\u80fd\u627e\u5230\u770b\u770b\u80fd\u4e0d\u80fd\u627e\u5230\u770b\u770b\u80fd\u4e0d\u80fd\u627e\u5230\u770b\u770b\u80fd\u4e0d\u80fd\u627e\u5230\u770b\u770b\u80fd\u4e0d\u80fd\u627e\u5230\u770b\u770b\u80fd\u4e0d\u80fd\u627e\u5230\u770b\u770b\u80fd\u4e0d\u80fd\u627e\u5230\u770b\u770b\u80fd\u4e0d\u80fd\u627e\u5230\u770b\u770b\u80fd\u4e0d\u80fd\u627e\u5230\u770b\u770b\u80fd\u4e0d\u80fd\u627e\u5230\u770b\u770b\u80fd\u4e0d\u80fd\u627e\u5230\u770b\u770b\u80fd\u4e0d\u80fd\u627e\u5230\u770b\u770b\u80fd\u4e0d\u80fd\u627e\u5230\u770b\u770b\u80fd\u4e0d\u80fd\u627e\u5230\u770b\u770b\u80fd\u4e0d\u80fd\u627e\u5230\u770b\u770b\u80fd\u4e0d\u80fd\u627e\u5230\u770b\u770b\u80fd\u4e0d\u80fd\u627e\u5230\u770b\u770b\u80fd\u4e0d\u80fd\u627e\u5230\u770b\u770b\u80fd\u4e0d\u80fd\u627e\u5230\u770b\u770b\u80fd\u4e0d\u80fd\u627e\u5230\u770b\u770b\u80fd\u4e0d\u80fd\u627e\u5230\u770b\u770b\u80fd\u4e0d\u80fd\u627e\u5230\u770b\u770b\u80fd\u4e0d\u80fd\u627e\u5230\u770b\u770b\u80fd\u4e0d\u80fd\u627e\u5230\u770b\u770b\u80fd\u4e0d\u80fd\u627e\u5230\u770b\u770b\u80fd\u4e0d\u80fd\u627e\u5230\u770b\u770b\u80fd\u4e0d\u80fd\u627e\u5230\u770b\u770b\u80fd\u4e0d\u80fd\u627e\u5230\u770b\u770b\u80fd\u4e0d\u80fd\u627e\u5230\u770b\u770b\u80fd\u4e0d\u80fd\u627e\u5230\u770b\u770b\u80fd\u4e0d\u80fd\u627e\u5230\u770b\u770b\u80fd\u4e0d\u80fd\u627e\u5230\u770b\u770b\u80fd\u4e0d\u80fd\u627e\u5230\u770b\u770b\u80fd\u4e0d\u80fd\u627e\u5230\u770b\u770b\u80fd\u4e0d\u80fd\u627e\u5230\u770b\u770b\u80fd\u4e0d\u80fd\u627e\u5230\u770b\u770b\u80fd\u4e0d\u80fd\u627e\u5230\u770b\u770b\u80fd\u4e0d\u80fd\u627e\u5230\u770b\u770b\u80fd\u4e0d\u80fd\u627e\u5230\u770b\u770b\u80fd\u4e0d\u80fd\u627e\u5230\u770b\u770b\u80fd\u4e0d\u80fd\u627e\u5230\u770b\u770b\u80fd\u4e0d\u80fd\u627e\u5230\u770b\u770b\u80fd\u4e0d\u80fd\u627e\u5230\u770b\u770b\u80fd\u4e0d\u80fd\u627e\u5230\u770b\u770b\u80fd\u4e0d\u80fd\u627e\u5230\u770b\u770b\u80fd\u4e0d\u80fd\u627e\u5230\u770b\u770b\u80fd\u4e0d\u80fd\u627e\u5230\u770b\u770b\u80fd\u4e0d\u80fd\u627e\u5230\u770b\u770b\u80fd\u4e0d\u80fd\u627e\u5230\u770b\u770b\u80fd\u4e0d\u80fd\u627e\u5230\u770b\u770b\u80fd\u4e0d\u80fd\u627e\u5230\u770b\u770b\u80fd\u4e0d\u80fd\u627e\u5230\u770b\u770b\u80fd\u4e0d\u80fd\u627e\u5230\u770b\u770b\u80fd\u4e0d\u80fd\u627e\u5230\u770b\u770b\u80fd\u4e0d\u80fd\u627e\u5230\u770b\u770b\u80fd\u4e0d\u80fd\u627e\u5230\u770b\u770b\u80fd\u4e0d\u80fd\u627e\u5230\u770b\u770b\u80fd\u4e0d\u80fd\u627e\u5230\u770b\u770b\u80fd\u4e0d\u80fd\u627e\u5230\u770b\u770b\u80fd\u4e0d\u80fd\u627e\u5230\u770b\u770b\u80fd\u4e0d\u80fd\u627e\u5230\u770b\u770b\u80fd\u4e0d\u80fd\u627e\u5230\u770b\u770b\u80fd\u4e0d\u80fd\u627e\u5230\u770b\u770b\u80fd\u4e0d\u80fd\u627e\u5230\u770b\u770b\u80fd\u4e0d\u80fd\u627e\u5230\u770b\u770b\u80fd\u4e0d\u80fd\u627e\u5230\u770b\u770b\u80fd\u4e0d\u80fd\u627e\u5230\u770b\u770b\u80fd\u4e0d\u80fd\u627e\u5230\u770b\u770b\u80fd\u4e0d\u80fd\u627e\u5230\u770b\u770b\u80fd\u4e0d\u80fd\u627e\u5230\u770b\u770b\u80fd\u4e0d\u80fd\u627e\u5230\u770b\u770b\u80fd\u4e0d\u80fd\u627e\u5230\u770b\u770b\u80fd\u4e0d\u80fd\u627e\u5230\u770b\u770b\u80fd\u4e0d\u80fd\u627e\u5230\u770b\u770b\u80fd\u4e0d\u80fd\u627e\u5230\u770b\u770b\u80fd\u4e0d\u80fd\u627e\u5230\u770b\u770b\u80fd\u4e0d\u80fd\u627e\u5230\u770b\u770b\u80fd\u4e0d\u80fd\u627e\u5230\u770b\u770b\u80fd\u4e0d\u80fd\u627e\u5230\u770b\u770b\u80fd\u4e0d\u80fd\u627e\u5230\u770b\u770b\u80fd\u4e0d\u80fd\u627e\u5230\u770b\u770b\u80fd\u4e0d\u80fd\u627e\u5230\u770b\u770b\u80fd\u4e0d\u80fd\u627e\u5230\u770b\u770b\u80fd\u4e0d\u80fd\u627e\u5230\u770b\u770b\u80fd\u4e0d\u80fd\u627e\u5230\u770b\u770b\u80fd\u4e0d\u80fd\u627e\u5230\u770b\u770b\u80fd\u4e0d\u80fd\u627e\u5230\u770b\u770b\u80fd\u4e0d\u80fd\u627e\u5230\u770b\u770b\u80fd\u4e0d\u80fd\u627e\u5230\u770b\u770b\u80fd\u4e0d\u80fd\u627e\u5230\u770b\u770b\u80fd\u4e0d\u80fd\u627e\u5230\u770b\u770b\u80fd\u4e0d\u80fd\u627e\u5230\u770b\u770b\u80fd\u4e0d\u80fd\u627e\u5230\u770b\u770b\u80fd\u4e0d\u80fd\u627e\u5230\u770b\u770b\u80fd\u4e0d\u80fd\u627e\u5230\u770b\u770b\u80fd\u4e0d\u80fd\u627e\u5230\u770b\u770b\u80fd\u4e0d\u80fd\u627e\u5230\u770b\u770b\u80fd\u4e0d\u80fd\u627e\u5230\u770b\u770b\u80fd\u4e0d\u80fd\u627e\u5230\u770b\u770b\u80fd\u4e0d\u80fd\u627e\u5230\u770b\u770b\u80fd\u4e0d\u80fd\u627e\u5230\u770b\u770b\u80fd\u4e0d\u80fd\u627e\u5230\u770b\u770b\u80fd\u4e0d\u80fd\u627e\u5230\u770b\u770b\u80fd\u4e0d\u80fd\u627e\u5230\u770b\u770b\u80fd\u4e0d\u80fd\u627e\u5230\u770b\u770b\u80fd\u4e0d\u80fd\u627e\u5230\u770b\u770b\u80fd\u4e0d\u80fd\u627e\u5230\u770b\u770b\u80fd\u4e0d\u80fd\u627e\u5230\u770b\u770b\u80fd\u4e0d\u80fd\u627e\u5230\u770b\u770b\u80fd\u4e0d\u80fd\u627e\u5230\u770b\u770b\u80fd\u4e0d\u80fd\u627e\u5230\u770b\u770b\u80fd\u4e0d\u80fd\u627e\u5230\u770b\u770b\u80fd\u4e0d\u80fd\u627e\u5230\u770b\u770b\u80fd\u4e0d\u80fd\u627e\u5230\u770b\u770b\u80fd\u4e0d\u80fd\u627e\u5230\u770b\u770b\u80fd\u4e0d\u80fd\u627e\u5230\u770b\u770b\u80fd\u4e0d\u80fd\u627e\u5230\u770b\u770b\u80fd\u4e0d\u80fd\u627e\u5230\u770b\u770b\u80fd\u4e0d\u80fd\u627e\u5230\u770b\u770b\u80fd\u4e0d\u80fd\u627e\u5230\u770b\u770b\u80fd\u4e0d\u80fd\u627e\u5230\u770b\u770b\u80fd\u4e0d\u80fd\u627e\u5230\u770b\u770b\u80fd\u4e0d\u80fd\u627e\u5230\u770b\u770b\u80fd\u4e0d\u80fd\u627e\u5230\u770b\u770b\u80fd\u4e0d\u80fd\u627e\u5230\u770b\u770b\u80fd\u4e0d\u80fd\u627e\u5230\u770b\u770b\u80fd\u4e0d\u80fd\u627e\u5230\u770b\u770b\u80fd\u4e0d\u80fd\u627e\u5230\u770b\u770b\u80fd\u4e0d\u80fd\u627e\u5230\u770b\u770b\u80fd\u4e0d\u80fd\u627e\u5230\u770b\u770b\u80fd\u4e0d\u80fd\u627e\u5230\u770b\u770b\u80fd\u4e0d\u80fd\u627e\u5230\u770b\u770b\u80fd\u4e0d\u80fd\u627e\u5230\u770b\u770b\u80fd\u4e0d\u80fd\u627e\u5230\u770b\u770b\u80fd\u4e0d\u80fd\u627e\u5230\u770b\u770b\u80fd\u4e0d\u80fd\u627e\u5230\u770b\u770b\u80fd\u4e0d\u80fd\u627e\u5230\u770b\u770b\u80fd\u4e0d\u80fd\u627e\u5230\u770b\u770b\u80fd\u4e0d\u80fd\u627e\u5230\u770b\u770b\u80fd\u4e0d\u80fd\u627e\u5230\u770b\u770b\u80fd\u4e0d\u80fd\u627e\u5230\u770b\u770b\u80fd\u4e0d\u80fd\u627e\u5230\u770b\u770b\u80fd\u4e0d\u80fd\u627e\u5230\u770b\u770b\u80fd\u4e0d\u80fd\u627e\u5230\u770b\u770b\u80fd\u4e0d\u80fd\u627e\u5230\u770b\u770b\u80fd\u4e0d\u80fd\u627e\u5230\u770b\u770b\u80fd\u4e0d\u80fd\u627e\u5230\u770b\u770b\u80fd\u4e0d\u80fd\u627e\u5230\u770b\u770b\u80fd\u4e0d\u80fd\u627e\u5230\u770b\u770b\u80fd\u4e0d\u80fd\u627e\u5230\u770b\u770b\u80fd\u4e0d\u80fd\u627e\u5230\u770b\u770b\u80fd\u4e0d\u80fd\u627e\u5230\u770b\u770b\u80fd\u4e0d\u80fd\u627e\u5230\u770b\u770b\u80fd\u4e0d\u80fd\u627e\u5230\u770b\u770b\u80fd\u4e0d\u80fd\u627e\u5230\u770b\u770b\u80fd\u4e0d\u80fd\u627e\u5230\u770b\u770b\u80fd\u4e0d\u80fd\u627e\u5230\u770b\u770b\u80fd\u4e0d\u80fd\u627e\u5230\u770b\u770b\u80fd\u4e0d\u80fd\u627e\u5230\u770b\u770b\u80fd\u4e0d\u80fd\u627e\u5230\u770b\u770b\u80fd\u4e0d\u80fd\u627e\u5230\u770b\u770b\u80fd\u4e0d\u80fd\u627e\u5230\u770b\u770b\u80fd\u4e0d\u80fd\u627e\u5230\u770b\u770b\u80fd\u4e0d\u80fd\u627e\u5230\u770b\u770b\u80fd\u4e0d\u80fd\u627e\u5230\u770b\u770b\u80fd\u4e0d\u80fd\u627e\u5230\u770b\u770b\u80fd\u4e0d\u80fd\u627e\u5230\u770b\u770b\u80fd\u4e0d\u80fd\u627e\u5230\u770b\u770b\u80fd\u4e0d\u80fd\u627e\u5230\u770b\u770b\u80fd\u4e0d\u80fd\u627e\u5230\u770b\u770b\u80fd\u4e0d\u80fd\u627e\u5230\u770b\u770b\u80fd\u4e0d\u80fd\u627e\u5230\u770b\u770b\u80fd\u4e0d\u80fd\u627e\u5230\u770b\u770b\u80fd\u4e0d\u80fd\u627e\u5230\u770b\u770b\u80fd\u4e0d\u80fd\u627e\u5230\u770b\u770b\u80fd\u4e0d\u80fd\u627e\u5230\u770b\u770b\u80fd\u4e0d\u80fd\u627e\u5230\u770b\u770b\u80fd\u4e0d\u80fd\u627e\u5230\u770b\u770b\u80fd\u4e0d\u80fd\u627e\u5230\u770b\u770b\u80fd\u4e0d\u80fd\u627e\u5230\u770b\u770b\u80fd\u4e0d\u80fd\u627e\u5230\u770b\u770b\u80fd\u4e0d\u80fd\u627e\u5230\u770b\u770b\u80fd\u4e0d\u80fd\u627e\u5230\u770b\u770b\u80fd\u4e0d\u80fd\u627e\u5230\u770b\u770b\u80fd\u4e0d\u80fd\u627e\u5230\u770b\u770b\u80fd\u4e0d\u80fd\u627e\u5230\u770b\u770b\u80fd\u4e0d\u80fd\u627e\u5230\u770b\u770b\u80fd\u4e0d\u80fd\u627e\u5230\u770b\u770b\u80fd\u4e0d\u80fd\u627e\u5230\u770b\u770b\u80fd\u4e0d\u80fd\u627e\u5230\u770b\u770b\u80fd\u4e0d\u80fd\u627e\u5230\u770b\u770b\u80fd\u4e0d\u80fd\u627e\u5230\u770b\u770b\u80fd\u4e0d\u80fd\u627e\u5230\u770b\u770b\u80fd\u4e0d\u80fd\u627e\u5230\u770b\u770b\u80fd\u4e0d\u80fd\u627e\u5230\u770b\u770b\u80fd\u4e0d\u80fd\u627e\u5230\u770b\u770b\u80fd\u4e0d\u80fd\u627e\u5230\u770b\u770b\u80fd\u4e0d\u80fd\u627e\u5230\u770b\u770b\u80fd\u4e0d\u80fd\u627e\u5230\u770b\u770b\u80fd\u4e0d\u80fd\u627e\u5230\u770b\u770b\u80fd\u4e0d\u80fd\u627e\u5230\u770b\u770b\u80fd\u4e0d\u80fd\u627e\u5230\u770b\u770b\u80fd\u4e0d\u80fd\u627e\u5230\u770b\u770b\u80fd\u4e0d\u80fd\u627e\u5230\u770b\u770b\u80fd\u4e0d\u80fd\u627e\u5230\u770b\u770b\u80fd\u4e0d\u80fd\u627e\u5230\u770b\u770b\u80fd\u4e0d\u80fd\u627e\u5230\u770b\u770b\u80fd\u4e0d\u80fd\u627e\u5230\u770b\u770b\u80fd\u4e0d\u80fd\u627e\u5230\u770b\u770b\u80fd\u4e0d\u80fd\u627e\u5230\u770b\u770b\u80fd\u4e0d\u80fd\u627e\u5230\u770b\u770b\u80fd\u4e0d\u80fd\u627e\u5230\u770b\u770b\u80fd\u4e0d\u80fd\u627e\u5230\u770b\u770b\u80fd\u4e0d\u80fd\u627e\u5230\u770b\u770b\u80fd\u4e0d\u80fd\u627e\u5230\u770b\u770b\u80fd\u4e0d\u80fd\u627e\u5230\u770b\u770b\u80fd\u4e0d\u80fd\u627e\u5230\u770b\u770b\u80fd\u4e0d\u80fd\u627e\u5230\u770b\u770b\u80fd\u4e0d\u80fd\u627e\u5230\u770b\u770b\u80fd\u4e0d\u80fd\u627e\u5230\u770b\u770b\u80fd\u4e0d\u80fd\u627e\u5230\u770b\u770b\u80fd\u4e0d\u80fd\u627e\u5230\u770b\u770b\u80fd\u4e0d\u80fd\u627e\u5230\u770b\u770b\u80fd\u4e0d\u80fd\u627e\u5230\u770b\u770b\u80fd\u4e0d\u80fd\u627e\u5230\u770b\u770b\u80fd\u4e0d\u80fd\u627e\u5230\u770b\u770b\u80fd\u4e0d\u80fd\u627e\u5230\u770b\u770b\u80fd\u4e0d\u80fd\u627e\u5230\u770b\u770b\u80fd\u4e0d\u80fd\u627e\u5230\u770b\u770b\u80fd\u4e0d\u80fd\u627e\u5230\u770b\u770b\u80fd\u4e0d\u80fd\u627e\u5230\u770b\u770b\u80fd\u4e0d\u80fd\u627e\u5230\u770b\u770b\u80fd\u4e0d\u80fd\u627e\u5230\u770b\u770b\u80fd\u4e0d\u80fd\u627e\u5230\u770b\u770b\u80fd\u4e0d\u80fd\u627e\u5230\u770b\u770b\u80fd\u4e0d\u80fd\u627e\u5230\u770b\u770b\u80fd\u4e0d\u80fd\u627e\u5230\u770b\u770b\u80fd\u4e0d\u80fd\u627e\u5230\u770b\u770b\u80fd\u4e0d\u80fd\u627e\u5230\u770b\u770b\u80fd\u4e0d\u80fd\u627e\u5230\u770b\u770b\u80fd\u4e0d\u80fd\u627e\u5230\u770b\u770b\u80fd\u4e0d\u80fd\u627e\u5230\u770b\u770b\u80fd\u4e0d\u80fd\u627e\u5230\u770b\u770b\u80fd\u4e0d\u80fd\u627e\u5230\u770b\u770b\u80fd\u4e0d\u80fd\u627e\u5230\u770b\u770b\u80fd\u4e0d\u80fd\u627e\u5230\u770b\u770b\u80fd\u4e0d\u80fd\u627e\u5230\u770b\u770b\u80fd\u4e0d\u80fd\u627e\u5230\u770b\u770b\u80fd\u4e0d\u80fd\u627e\u5230\u770b\u770b\u80fd\u4e0d\u80fd\u627e\u5230\u770b\u770b\u80fd\u4e0d\u80fd\u627e\u5230\u770b\u770b\u80fd\u4e0d\u80fd\u627e\u5230\u770b\u770b\u80fd\u4e0d\u80fd\u627e\u5230\u770b\u770b\u80fd\u4e0d\u80fd\u627e\u5230\u770b\u770b\u80fd\u4e0d\u80fd\u627e\u5230\u770b\u770b\u80fd\u4e0d\u80fd\u627e\u5230\u770b\u770b\u80fd\u4e0d\u80fd\u627e\u5230\u770b\u770b\u80fd\u4e0d\u80fd\u627e\u5230\u770b\u770b\u80fd\u4e0d\u80fd\u627e\u5230\u770b\u770b\u80fd\u4e0d\u80fd\u627e\u5230\u770b\u770b\u80fd\u4e0d\u80fd\u627e\u5230\u770b\u770b\u80fd\u4e0d\u80fd\u627e\u5230\u770b\u770b\u80fd\u4e0d\u80fd\u627e\u5230\u770b\u770b\u80fd\u4e0d\u80fd\u627e\u5230\u770b\u770b\u80fd\u4e0d\u80fd\u627e\u5230\u770b\u770b\u80fd\u4e0d\u80fd\u627e\u5230\u770b\u770b\u80fd\u4e0d\u80fd\u627e\u5230\u770b\u770b\u80fd\u4e0d\u80fd\u627e\u5230\u770b\u770b\u80fd\u4e0d\u80fd\u627e\u5230\u770b\u770b\u80fd\u4e0d\u80fd\u627e\u5230\u770b\u770b\u80fd\u4e0d\u80fd\u627e\u5230\u770b\u770b\u80fd\u4e0d\u80fd\u627e\u5230\u770b\u770b\u80fd\u4e0d\u80fd\u627e\u5230\u770b\u770b\u80fd\u4e0d\u80fd\u627e\u5230\u770b\u770b\u80fd\u4e0d\u80fd\u627e\u5230\u770b\u770b\u80fd\u4e0d\u80fd\u627e\u5230\u770b\u770b\u80fd\u4e0d\u80fd\u627e\u5230\u770b\u770b\u80fd\u4e0d\u80fd\u627e\u5230\u770b\u770b\u80fd\u4e0d\u80fd\u627e\u5230\u770b\u770b\u80fd\u4e0d\u80fd\u627e\u5230\u770b\u770b\u80fd\u4e0d\u80fd\u627e\u5230\u770b\u770b\u80fd\u4e0d\u80fd\u627e\u5230\u770b\u770b\u80fd\u4e0d\u80fd\u627e\u5230\u770b\u770b\u80fd\u4e0d\u80fd\u627e\u5230\u770b\u770b\u80fd\u4e0d\u80fd\u627e\u5230\u770b\u770b\u80fd\u4e0d\u80fd\u627e\u5230\u770b\u770b\u80fd\u4e0d\u80fd\u627e\u5230\u770b\u770b\u80fd\u4e0d\u80fd\u627e\u5230\u770b\u770b\u80fd\u4e0d\u80fd\u627e\u5230\u770b\u770b\u80fd\u4e0d\u80fd\u627e\u5230\u770b\u770b\u80fd\u4e0d\u80fd\u627e\u5230\u770b\u770b\u80fd\u4e0d\u80fd\u627e\u5230\u770b\u770b\u80fd\u4e0d\u80fd\u627e\u5230\u770b\u770b\u80fd\u4e0d\u80fd\u627e\u5230\u770b\u770b\u80fd\u4e0d\u80fd\u627e\u5230\u770b\u770b\u80fd\u4e0d\u80fd\u627e\u5230\u770b\u770b\u80fd\u4e0d\u80fd\u627e\u5230\u770b\u770b\u80fd\u4e0d\u80fd\u627e\u5230\u770b\u770b\u80fd\u4e0d\u80fd\u627e\u5230\u770b\u770b\u80fd\u4e0d\u80fd\u627e\u5230\u770b\u770b\u80fd\u4e0d\u80fd\u627e\u5230\u770b\u770b\u80fd\u4e0d\u80fd\u627e\u5230\u770b\u770b\u80fd\u4e0d\u80fd\u627e\u5230\u770b\u770b\u80fd\u4e0d\u80fd\u627e\u5230\u770b\u770b\u80fd\u4e0d\u80fd\u627e\u5230\u770b\u770b\u80fd\u4e0d\u80fd\u627e\u5230\u770b\u770b\u80fd\u4e0d\u80fd\u627e\u5230\u770b\u770b\u80fd\u4e0d\u80fd\u627e\u5230\u770b\u770b\u80fd\u4e0d\u80fd\u627e\u5230\u770b\u770b\u80fd\u4e0d\u80fd\u627e\u5230\u770b\u770b\u80fd\u4e0d\u80fd\u627e\u5230\u770b\u770b\u80fd\u4e0d\u80fd\u627e\u5230\u770b\u770b\u80fd\u4e0d\u80fd\u627e\u5230\u770b\u770b\u80fd\u4e0d\u80fd\u627e\u5230\u770b\u770b\u80fd\u4e0d\u80fd\u627e\u5230\u770b\u770b\u80fd\u4e0d\u80fd\u627e\u5230\u770b\u770b\u80fd\u4e0d\u80fd\u627e\u5230\u770b\u770b\u80fd\u4e0d\u80fd\u627e\u5230\u770b\u770b\u80fd\u4e0d\u80fd\u627e\u5230\u770b\u770b\u80fd\u4e0d\u80fd\u627e\u5230\u770b\u770b\u80fd\u4e0d\u80fd\u627e\u5230\u770b\u770b\u80fd\u4e0d\u80fd\u627e\u5230\u770b\u770b\u80fd\u4e0d\u80fd\u627e\u5230\u770b\u770b\u80fd\u4e0d\u80fd\u627e\u5230\u770b\u770b\u80fd\u4e0d\u80fd\u627e\u5230\u770b\u770b\u80fd\u4e0d\u80fd\u627e\u5230\u770b\u770b\u80fd\u4e0d\u80fd\u627e\u5230\u770b\u770b\u80fd\u4e0d\u80fd\u627e\u5230\u770b\u770b\u80fd\u4e0d\u80fd\u627e\u5230\u770b\u770b\u80fd\u4e0d\u80fd\u627e\u5230\u770b\u770b\u80fd\u4e0d\u80fd\u627e\u5230\u770b\u770b\u80fd\u4e0d\u80fd\u627e\u5230\u770b\u770b\u80fd\u4e0d\u80fd\u627e\u5230\u770b\u770b\u80fd\u4e0d\u80fd\u627e\u5230\u770b\u770b\u80fd\u4e0d\u80fd\u627e\u5230\u770b\u770b\u80fd\u4e0d\u80fd\u627e\u5230\u770b\u770b\u80fd\u4e0d\u80fd\u627e\u5230\u770b\u770b\u80fd\u4e0d\u80fd\u627e\u5230\u770b\u770b\u80fd\u4e0d\u80fd\u627e\u5230\u770b\u770b\u80fd\u4e0d\u80fd\u627e\u5230\u770b\u770b\u80fd\u4e0d\u80fd\u627e\u5230\u770b\u770b\u80fd\u4e0d\u80fd\u627e\u5230\u770b\u770b\u80fd\u4e0d\u80fd\u627e\u5230\u770b\u770b\u80fd\u4e0d\u80fd\u627e\u5230\u770b\u770b\u80fd\u4e0d\u80fd\u627e\u5230\u770b\u770b\u80fd\u4e0d\u80fd\u627e\u5230\u770b\u770b\u80fd\u4e0d\u80fd\u627e\u5230\u770b\u770b\u80fd\u4e0d\u80fd\u627e\u5230\u770b\u770b\u80fd\u4e0d\u80fd\u627e\u5230\u770b\u770b\u80fd\u4e0d\u80fd\u627e\u5230\u770b\u770b\u80fd\u4e0d\u80fd\u627e\u5230\u770b\u770b\u80fd\u4e0d\u80fd\u627e\u5230\u770b\u770b\u80fd\u4e0d\u80fd\u627e\u5230\u770b\u770b\u80fd\u4e0d\u80fd\u627e\u5230\u770b\u770b\u80fd\u4e0d\u80fd\u627e\u5230\u770b\u770b\u80fd\u4e0d\u80fd\u627e\u5230\u770b\u770b\u80fd\u4e0d\u80fd\u627e\u5230\u770b\u770b\u80fd\u4e0d\u80fd\u627e\u5230\u770b\u770b\u80fd\u4e0d\u80fd\u627e\u5230\u770b\u770b\u80fd\u4e0d\u80fd\u627e\u5230\u770b\u770b\u80fd\u4e0d\u80fd\u627e\u5230\u770b\u770b\u80fd\u4e0d\u80fd\u627e\u5230\u770b\u770b\u80fd\u4e0d\u80fd\u627e\u5230\u770b\u770b\u80fd\u4e0d\u80fd\u627e\u5230\u770b\u770b\u80fd\u4e0d\u80fd\u627e\u5230\u770b\u770b\u80fd\u4e0d\u80fd\u627e\u5230\u770b\u770b\u80fd\u4e0d\u80fd\u627e\u5230\u770b\u770b\u80fd\u4e0d\u80fd\u627e\u5230\u770b\u770b\u80fd\u4e0d\u80fd\u627e\u5230\u770b\u770b\u80fd\u4e0d\u80fd\u627e\u5230\u770b\u770b\u80fd\u4e0d\u80fd\u627e\u5230\u770b\u770b\u80fd\u4e0d\u80fd\u627e\u5230\u770b\u770b\u80fd\u4e0d\u80fd\u627e\u5230\u770b\u770b\u80fd\u4e0d\u80fd\u627e\u5230\u770b\u770b\u80fd\u4e0d\u80fd\u627e\u5230\u770b\u770b\u80fd\u4e0d\u80fd\u627e\u5230\u770b\u770b\u80fd\u4e0d\u80fd\u627e\u5230\u770b\u770b\u80fd\u4e0d\u80fd\u627e\u5230\u770b\u770b\u80fd\u4e0d\u80fd\u627e\u5230\u770b\u770b\u80fd\u4e0d\u80fd\u627e\u5230\u770b\u770b\u80fd\u4e0d\u80fd\u627e\u5230\u770b\u770b\u80fd\u4e0d\u80fd\u627e\u5230\u770b\u770b\u80fd\u4e0d\u80fd\u627e\u5230\u770b\u770b\u80fd\u4e0d\u80fd\u627e\u5230\u770b\u770b\u80fd\u4e0d\u80fd\u627e\u5230\u770b\u770b\u80fd\u4e0d\u80fd\u627e\u5230\u770b\u770b\u80fd\u4e0d\u80fd\u627e\u5230\u770b\u770b\u80fd\u4e0d\u80fd\u627e\u5230\u770b\u770b\u80fd\u4e0d\u80fd\u627e\u5230\u770b\u770b\u80fd\u4e0d\u80fd\u627e\u5230\u770b\u770b\u80fd\u4e0d\u80fd\u627e\u5230\u770b\u770b\u80fd\u4e0d\u80fd\u627e\u5230\u770b\u770b\u80fd\u4e0d\u80fd\u627e\u5230\u770b\u770b\u80fd\u4e0d\u80fd\u627e\u5230\u770b\u770b\u80fd\u4e0d\u80fd\u627e\u5230\u770b\u770b\u80fd\u4e0d\u80fd\u627e\u5230\u770b\u770b\u80fd\u4e0d\u80fd\u627e\u5230\u770b\u770b\u80fd\u4e0d\u80fd\u627e\u5230\u770b\u770b\u80fd\u4e0d\u80fd\u627e\u5230\u770b\u770b\u80fd\u4e0d\u80fd\u627e\u5230\u770b\u770b\u80fd\u4e0d\u80fd\u627e\u5230\u770b\u770b\u80fd\u4e0d\u80fd\u627e\u5230\u770b\u770b\u80fd\u4e0d\u80fd\u627e\u5230\u770b\u770b\u80fd\u4e0d\u80fd\u627e\u5230\u770b\u770b\u80fd\u4e0d\u80fd\u627e\u5230\u770b\u770b\u80fd\u4e0d\u80fd\u627e\u5230\u770b\u770b\u80fd\u4e0d\u80fd\u627e\u5230\u770b\u770b\u80fd\u4e0d\u80fd\u627e\u5230\u770b\u770b\u80fd\u4e0d\u80fd\u627e\u5230\u770b\u770b\u80fd\u4e0d\u80fd\u627e\u5230\u770b\u770b\u80fd\u4e0d\u80fd\u627e\u5230\u770b\u770b\u80fd\u4e0d\u80fd\u627e\u5230\u770b\u770b\u80fd\u4e0d\u80fd\u627e\u5230\u770b\u770b\u80fd\u4e0d\u80fd\u627e\u5230\u770b\u770b\u80fd\u4e0d\u80fd\u627e\u5230\u770b\u770b\u80fd\u4e0d\u80fd\u627e\u5230\u770b\u770b\u80fd\u4e0d\u80fd\u627e\u5230\u770b\u770b\u80fd\u4e0d\u80fd\u627e\u5230\u770b\u770b\u80fd\u4e0d\u80fd\u627e\u5230\u770b\u770b\u80fd\u4e0d\u80fd\u627e\u5230\u770b\u770b\u80fd\u4e0d\u80fd\u627e\u5230\u770b\u770b\u80fd\u4e0d\u80fd\u627e\u5230\u770b\u770b\u80fd\u4e0d\u80fd\u627e\u5230\u770b\u770b\u80fd\u4e0d\u80fd\u627e\u5230\u770b\u770b\u80fd\u4e0d\u80fd\u627e\u5230\u770b\u770b\u80fd\u4e0d\u80fd\u627e\u5230\u770b\u770b\u80fd\u4e0d\u80fd\u627e\u5230\u770b\u770b\u80fd\u4e0d\u80fd\u627e\u5230\u770b\u770b\u80fd\u4e0d\u80fd\u627e\u5230\u770b\u770b\u80fd\u4e0d\u80fd\u627e\u5230\u770b\u770b\u80fd\u4e0d\u80fd\u627e\u5230\u770b\u770b\u80fd\u4e0d\u80fd\u627e\u5230\u770b\u770b\u80fd\u4e0d\u80fd\u627e\u5230\u770b\u770b\u80fd\u4e0d\u80fd\u627e\u5230\u770b\u770b\u80fd\u4e0d\u80fd\u627e\u5230\u770b\u770b\u80fd\u4e0d\u80fd\u627e\u5230\u770b\u770b\u80fd\u4e0d\u80fd\u627e\u5230\u770b\u770b\u80fd\u4e0d\u80fd\u627e\u5230\u770b\u770b\u80fd\u4e0d\u80fd\u627e\u5230\u770b\u770b\u80fd\u4e0d\u80fd\u627e\u5230\u770b\u770b\u80fd\u4e0d\u80fd\u627e\u5230\u770b\u770b\u80fd\u4e0d\u80fd\u627e\u5230\u770b\u770b\u80fd\u4e0d\u80fd\u627e\u5230\u770b\u770b\u80fd\u4e0d\u80fd\u627e\u5230\u770b\u770b\u80fd\u4e0d\u80fd\u627e\u5230\u770b\u770b\u80fd\u4e0d\u80fd\u627e\u5230\u770b\u770b\u80fd\u4e0d\u80fd\u627e\u5230\u770b\u770b\u80fd\u4e0d\u80fd\u627e\u5230\u770b\u770b\u80fd\u4e0d\u80fd\u627e\u5230\u770b\u770b\u80fd\u4e0d\u80fd\u627e\u5230\u770b\u770b\u80fd\u4e0d\u80fd\u627e\u5230\u770b\u770b\u80fd\u4e0d\u80fd\u627e\u5230\u770b\u770b\u80fd\u4e0d\u80fd\u627e\u5230\u770b\u770b\u80fd\u4e0d\u80fd\u627e\u5230\u770b\u770b\u80fd\u4e0d\u80fd\u627e\u5230\u770b\u770b\u80fd\u4e0d\u80fd\u627e\u5230\u770b\u770b\u80fd\u4e0d\u80fd\u627e\u5230\u770b\u770b\u80fd\u4e0d\u80fd\u627e\u5230\u770b\u770b\u80fd\u4e0d\u80fd\u627e\u5230\u770b\u770b\u80fd\u4e0d\u80fd\u627e\u5230\u770b\u770b\u80fd\u4e0d\u80fd\u627e\u5230\u770b\u770b\u80fd\u4e0d\u80fd\u627e\u5230\u770b\u770b\u80fd\u4e0d\u80fd\u627e\u5230\u770b\u770b\u80fd\u4e0d\u80fd\u627e\u5230\u770b\u770b\u80fd\u4e0d\u80fd\u627e\u5230\u770b\u770b\u80fd\u4e0d\u80fd\u627e\u5230\u770b\u770b\u80fd\u4e0d\u80fd\u627e\u5230\u770b\u770b\u80fd\u4e0d\u80fd\u627e\u5230\u770b\u770b\u80fd\u4e0d\u80fd\u627e\u5230\u770b\u770b\u80fd\u4e0d\u80fd\u627e\u5230\u770b\u770b\u80fd\u4e0d\u80fd\u627e\u5230\u770b\u770b\u80fd\u4e0d\u80fd\u627e\u5230\u770b\u770b\u80fd\u4e0d\u80fd\u627e\u5230\u770b\u770b\u80fd\u4e0d\u80fd\u627e\u5230\u770b\u770b\u80fd\u4e0d\u80fd\u627e\u5230\u770b\u770b\u80fd\u4e0d\u80fd\u627e\u5230\u770b\u770b\u80fd\u4e0d\u80fd\u627e\u5230\u770b\u770b\u80fd\u4e0d\u80fd\u627e\u5230\u770b\u770b\u80fd\u4e0d\u80fd\u627e\u5230\u770b\u770b\u80fd\u4e0d\u80fd\u627e\u5230\u770b\u770b\u80fd\u4e0d\u80fd\u627e\u5230\u770b\u770b\u80fd\u4e0d\u80fd\u627e\u5230\u770b\u770b\u80fd\u4e0d\u80fd\u627e\u5230\u770b\u770b\u80fd\u4e0d\u80fd\u627e\u5230\u770b\u770b\u80fd\u4e0d\u80fd\u627e\u5230\u770b\u770b\u80fd\u4e0d\u80fd\u627e\u5230\u770b\u770b\u80fd\u4e0d\u80fd\u627e\u5230\u770b\u770b\u80fd\u4e0d\u80fd\u627e\u5230\u770b\u770b\u80fd\u4e0d\u80fd\u627e\u5230\u770b\u770b\u80fd\u4e0d\u80fd\u627e\u5230\u770b\u770b\u80fd\u4e0d\u80fd\u627e\u5230\u770b\u770b\u80fd\u4e0d\u80fd\u627e\u5230\u770b\u770b\u80fd\u4e0d\u80fd\u627e\u5230\u770b\u770b\u80fd\u4e0d\u80fd\u627e\u5230\u770b\u770b\u80fd\u4e0d\u80fd\u627e\u5230\u770b\u770b\u80fd\u4e0d\u80fd\u627e\u5230\u770b\u770b\u80fd\u4e0d\u80fd\u627e\u5230\u770b\u770b\u80fd\u4e0d\u80fd\u627e\u5230\u770b\u770b\u80fd\u4e0d\u80fd\u627e\u5230\u770b\u770b\u80fd\u4e0d\u80fd\u627e\u5230\u770b\u770b\u80fd\u4e0d\u80fd\u627e\u5230\u770b\u770b\u80fd\u4e0d\u80fd\u627e\u5230\u770b\u770b\u80fd\u4e0d\u80fd\u627e\u5230\u770b\u770b\u80fd\u4e0d\u80fd\u627e\u5230\u770b\u770b\u80fd\u4e0d\u80fd\u627e\u5230\u770b\u770b\u80fd\u4e0d\u80fd\u627e\u5230\u770b\u770b\u80fd\u4e0d\u80fd\u627e\u5230\u770b\u770b\u80fd\u4e0d\u80fd\u627e\u5230\u770b\u770b\u80fd\u4e0d\u80fd\u627e\u5230\u770b\u770b\u80fd\u4e0d\u80fd\u627e\u5230\u770b\u770b\u80fd\u4e0d\u80fd\u627e\u5230\u770b\u770b\u80fd\u4e0d\u80fd\u627e\u5230\u770b\u770b\u80fd\u4e0d\u80fd\u627e\u5230\u770b\u770b\u80fd\u4e0d\u80fd\u627e\u5230\u770b\u770b\u80fd\u4e0d\u80fd\u627e\u5230\u770b\u770b\u80fd\u4e0d\u80fd\u627e\u5230\u770b\u770b\u80fd\u4e0d\u80fd\u627e\u5230\u770b\u770b\u80fd\u4e0d\u80fd\u627e\u5230\u770b\u770b\u80fd\u4e0d\u80fd\u627e\u5230\u770b\u770b\u80fd\u4e0d\u80fd\u627e\u5230\u770b\u770b\u80fd\u4e0d\u80fd\u627e\u5230\u770b\u770b\u80fd\u4e0d\u80fd\u627e\u5230\u770b\u770b\u80fd\u4e0d\u80fd\u627e\u5230\u770b\u770b\u80fd\u4e0d\u80fd\u627e\u5230\u770b\u770b\u80fd\u4e0d\u80fd\u627e\u5230\u770b\u770b\u80fd\u4e0d\u80fd\u627e\u5230\u770b\u770b\u80fd\u4e0d\u80fd\u627e\u5230\u770b\u770b\u80fd\u4e0d\u80fd\u627e\u5230\u770b\u770b\u80fd\u4e0d\u80fd\u627e\u5230\u770b\u770b\u80fd\u4e0d\u80fd\u627e\u5230\u770b\u770b\u80fd\u4e0d\u80fd\u627e\u5230\u770b\u770b\u80fd\u4e0d\u80fd\u627e\u5230\u770b\u770b\u80fd\u4e0d\u80fd\u627e\u5230\u770b\u770b\u80fd\u4e0d\u80fd\u627e\u5230\u770b\u770b\u80fd\u4e0d\u80fd\u627e\u5230\u770b\u770b\u80fd\u4e0d\u80fd\u627e\u5230\u770b\u770b\u80fd\u4e0d\u80fd\u627e\u5230\u770b\u770b\u80fd\u4e0d\u80fd\u627e\u5230\u770b\u770b\u80fd\u4e0d\u80fd\u627e\u5230\u770b\u770b\u80fd\u4e0d\u80fd\u627e\u5230\u770b\u770b\u80fd\u4e0d\u80fd\u627e\u5230\u770b\u770b\u80fd\u4e0d\u80fd\u627e\u5230\u770b\u770b\u80fd\u4e0d\u80fd\u627e\u5230\u770b\u770b\u80fd\u4e0d\u80fd\u627e\u5230\u770b\u770b\u80fd\u4e0d\u80fd\u627e\u5230\u770b\u770b\u80fd\u4e0d\u80fd\u627e\u5230\u770b\u770b\u80fd\u4e0d\u80fd\u627e\u5230\u770b\u770b\u80fd\u4e0d\u80fd\u627e\u5230\u770b\u770b\u80fd\u4e0d\u80fd\u627e\u5230\u770b\u770b\u80fd\u4e0d\u80fd\u627e\u5230\u770b\u770b\u80fd\u4e0d\u80fd\u627e\u5230\u770b\u770b\u80fd\u4e0d\u80fd\u627e\u5230\u770b\u770b\u80fd\u4e0d\u80fd\u627e\u5230\u770b\u770b\u80fd\u4e0d\u80fd\u627e\u5230\u770b\u770b\u80fd\u4e0d\u80fd\u627e\u5230\u770b\u770b\u80fd\u4e0d\u80fd\u627e\u5230\u770b\u770b\u80fd\u4e0d\u80fd\u627e\u5230\u770b\u770b\u80fd\u4e0d\u80fd\u627e\u5230\u770b\u770b\u80fd\u4e0d\u80fd\u627e\u5230\u770b\u770b\u80fd\u4e0d\u80fd\u627e\u5230\u770b\u770b\u80fd\u4e0d\u80fd\u627e\u5230\u770b\u770b\u80fd\u4e0d\u80fd\u627e\u5230\u770b\u770b\u80fd\u4e0d\u80fd\u627e\u5230\u770b\u770b\u80fd\u4e0d\u80fd\u627e\u5230\u770b\u770b\u80fd\u4e0d\u80fd\u627e\u5230\u770b\u770b\u80fd\u4e0d\u80fd\u627e\u5230\u770b\u770b\u80fd\u4e0d\u80fd\u627e\u5230\u770b\u770b\u80fd\u4e0d\u80fd\u627e\u5230\u770b\u770b\u80fd\u4e0d\u80fd\u627e\u5230\u770b\u770b\u80fd\u4e0d\u80fd\u627e\u5230\u770b\u770b\u80fd\u4e0d\u80fd\u627e\u5230\u770b\u770b\u80fd\u4e0d\u80fd\u627e\u5230\u770b\u770b\u80fd\u4e0d\u80fd\u627e\u5230\u770b\u770b\u80fd\u4e0d\u80fd\u627e\u5230\u770b\u770b\u80fd\u4e0d\u80fd\u627e\u5230\u770b\u770b\u80fd\u4e0d\u80fd\u627e\u5230\u770b\u770b\u80fd\u4e0d\u80fd\u627e\u5230\u770b\u770b\u80fd\u4e0d\u80fd\u627e\u5230\u770b\u770b\u80fd\u4e0d\u80fd\u627e\u5230\u770b\u770b\u80fd\u4e0d\u80fd\u627e\u5230\u770b\u770b\u80fd\u4e0d\u80fd\u627e\u5230\u770b\u770b\u80fd\u4e0d\u80fd\u627e\u5230\u770b\u770b\u80fd\u4e0d\u80fd\u627e\u5230\u770b\u770b\u80fd\u4e0d\u80fd\u627e\u5230\u770b\u770b\u80fd\u4e0d\u80fd\u627e\u5230\u770b\u770b\u80fd\u4e0d\u80fd\u627e\u5230\u770b\u770b\u80fd\u4e0d\u80fd\u627e\u5230\u770b\u770b\u80fd\u4e0d\u80fd\u627e\u5230\u770b\u770b\u80fd\u4e0d\u80fd\u627e\u5230\u770b\u770b\u80fd\u4e0d\u80fd\u627e\u5230\u770b\u770b\u80fd\u4e0d\u80fd\u627e\u5230\u770b\u770b\u80fd\u4e0d\u80fd\u627e\u5230\u770b\u770b\u80fd\u4e0d\u80fd\u627e\u5230\u770b\u770b\u80fd\u4e0d\u80fd\u627e\u5230\u770b\u770b\u80fd\u4e0d\u80fd\u627e\u5230\u770b\u770b\u80fd\u4e0d\u80fd\u627e\u5230\u770b\u770b\u80fd\u4e0d\u80fd\u627e\u5230\u770b\u770b\u80fd\u4e0d\u80fd\u627e\u5230\u770b\u770b\u80fd\u4e0d\u80fd\u627e\u5230\u770b\u770b\u80fd\u4e0d\u80fd\u627e\u5230\u770b\u770b\u80fd\u4e0d\u80fd\u627e\u5230\u770b\u770b\u80fd\u4e0d\u80fd\u627e\u5230\u770b\u770b\u80fd\u4e0d\u80fd\u627e\u5230\u770b\u770b\u80fd\u4e0d\u80fd\u627e\u5230\u770b\u770b\u80fd\u4e0d\u80fd\u627e\u5230\u770b\u770b\u80fd\u4e0d\u80fd\u627e\u5230\u770b\u770b\u80fd\u4e0d\u80fd\u627e\u5230\u770b\u770b\u80fd\u4e0d\u80fd\u627e\u5230\u770b\u770b\u80fd\u4e0d\u80fd\u627e\u5230\u770b\u770b\u80fd\u4e0d\u80fd\u627e\u5230\u770b\u770b\u80fd\u4e0d\u80fd\u627e\u5230\u770b\u770b\u80fd\u4e0d\u80fd\u627e\u5230\u770b\u770b\u80fd\u4e0d\u80fd\u627e\u5230\u770b\u770b\u80fd\u4e0d\u80fd\u627e\u5230\u770b\u770b\u80fd\u4e0d\u80fd\u627e\u5230\u770b\u770b\u80fd\u4e0d\u80fd\u627e\u5230\u770b\u770b\u80fd\u4e0d\u80fd\u627e\u5230\u770b\u770b\u80fd\u4e0d\u80fd\u627e\u5230\u770b\u770b\u80fd\u4e0d\u80fd\u627e\u5230\u770b\u770b\u80fd\u4e0d\u80fd\u627e\u5230\u770b\u770b\u80fd\u4e0d\u80fd\u627e\u5230\u770b\u770b\u80fd\u4e0d\u80fd\u627e\u5230\u770b\u770b\u80fd\u4e0d\u80fd\u627e\u5230\u770b\u770b\u80fd\u4e0d\u80fd\u627e\u5230\u770b\u770b\u80fd\u4e0d\u80fd\u627e\u5230\u770b\u770b\u80fd\u4e0d\u80fd\u627e\u5230\u770b\u770b\u80fd\u4e0d\u80fd\u627e\u5230\u770b\u770b\u80fd\u4e0d\u80fd\u627e\u5230\u770b\u770b\u80fd\u4e0d\u80fd\u627e\u5230\u770b\u770b\u80fd\u4e0d\u80fd\u627e\u5230\u770b\u770b\u80fd\u4e0d\u80fd\u627e\u5230\u770b\u770b\u80fd\u4e0d\u80fd\u627e\u5230\u770b\u770b\u80fd\u4e0d\u80fd\u627e\u5230\u770b\u770b\u80fd\u4e0d\u80fd\u627e\u5230\u770b\u770b\u80fd\u4e0d\u80fd\u627e\u5230\u770b\u770b\u80fd\u4e0d\u80fd\u627e\u5230\u770b\u770b\u80fd\u4e0d\u80fd\u627e\u5230\u770b\u770b\u80fd\u4e0d\u80fd\u627e\u5230\u770b\u770b\u80fd\u4e0d\u80fd\u627e\u5230\u770b\u770b\u80fd\u4e0d\u80fd\u627e\u5230\u770b\u770b\u80fd\u4e0d\u80fd\u627e\u5230\u770b\u770b\u80fd\u4e0d\u80fd\u627e\u5230\u770b\u770b\u80fd\u4e0d\u80fd\u627e\u5230\u770b\u770b\u80fd\u4e0d\u80fd\u627e\u5230\u770b\u770b\u80fd\u4e0d\u80fd\u627e\u5230\u770b\u770b\u80fd\u4e0d\u80fd\u627e\u5230\u770b\u770b\u80fd\u4e0d\u80fd\u627e\u5230\u770b\u770b\u80fd\u4e0d\u80fd\u627e\u5230\u770b\u770b\u80fd\u4e0d\u80fd\u627e\u5230\u770b\u770b\u80fd\u4e0d\u80fd\u627e\u5230\u770b\u770b\u80fd\u4e0d\u80fd\u627e\u5230\u770b\u770b\u80fd\u4e0d\u80fd\u627e\u5230\u770b\u770b\u80fd\u4e0d\u80fd\u627e\u5230\u770b\u770b\u80fd\u4e0d\u80fd\u627e\u5230\u770b\u770b\u80fd\u4e0d\u80fd\u627e\u5230\u770b\u770b\u80fd\u4e0d\u80fd\u627e\u5230\u770b\u770b\u80fd\u4e0d\u80fd\u627e\u5230\u770b\u770b\u80fd\u4e0d\u80fd\u627e\u5230\u770b\u770b\u80fd\u4e0d\u80fd\u627e\u5230\u770b\u770b\u80fd\u4e0d\u80fd\u627e\u5230\u770b\u770b\u80fd\u4e0d\u80fd\u627e\u5230\u770b\u770b\u80fd\u4e0d\u80fd\u627e\u5230\u770b\u770b\u80fd\u4e0d\u80fd\u627e\u5230\u770b\u770b\u80fd\u4e0d\u80fd\u627e\u5230\u770b\u770b\u80fd\u4e0d\u80fd\u627e\u5230\u770b\u770b\u80fd\u4e0d\u80fd\u627e\u5230\u770b\u770b\u80fd\u4e0d\u80fd\u627e\u5230\u770b\u770b\u80fd\u4e0d\u80fd\u627e\u5230\u770b\u770b\u80fd\u4e0d\u80fd\u627e\u5230\u770b\u770b\u80fd\u4e0d\u80fd\u627e\u5230\u770b\u770b\u80fd\u4e0d\u80fd\u627e\u5230\u770b\u770b\u80fd\u4e0d\u80fd\u627e\u5230\u770b\u770b\u80fd\u4e0d\u80fd\u627e\u5230\u770b\u770b\u80fd\u4e0d\u80fd\u627e\u5230\u770b\u770b\u80fd\u4e0d\u80fd\u627e\u5230\u770b\u770b\u80fd\u4e0d\u80fd\u627e\u5230\u770b\u770b\u80fd\u4e0d\u80fd\u627e\u5230\u770b\u770b\u80fd\u4e0d\u80fd\u627e\u5230\u770b\u770b\u80fd\u4e0d\u80fd\u627e\u5230\u770b\u770b\u80fd\u4e0d\u80fd\u627e\u5230\u770b\u770b\u80fd\u4e0d\u80fd\u627e\u5230\u770b\u770b\u80fd\u4e0d\u80fd\u627e\u5230\u770b\u770b\u80fd\u4e0d\u80fd\u627e\u5230\u770b\u770b\u80fd\u4e0d\u80fd\u627e\u5230\u770b\u770b\u80fd\u4e0d\u80fd\u627e\u5230\u770b\u770b\u80fd\u4e0d\u80fd\u627e\u5230\u770b\u770b\u80fd\u4e0d\u80fd\u627e\u5230\u770b\u770b\u80fd\u4e0d\u80fd\u627e\u5230\u770b\u770b\u80fd\u4e0d\u80fd\u627e\u5230\u770b\u770b\u80fd\u4e0d\u80fd\u627e\u5230\u770b\u770b\u80fd\u4e0d\u80fd\u627e\u5230\u770b\u770b\u80fd\u4e0d\u80fd\u627e\u5230\u770b\u770b\u80fd\u4e0d\u80fd\u627e\u5230\u770b\u770b\u80fd\u4e0d\u80fd\u627e\u5230\u770b\u770b\u80fd\u4e0d\u80fd\u627e\u5230\u770b\u770b\u80fd\u4e0d\u80fd\u627e\u5230\u770b\u770b\u80fd\u4e0d\u80fd\u627e\u5230\u770b\u770b\u80fd\u4e0d\u80fd\u627e\u5230\u770b\u770b\u80fd\u4e0d\u80fd\u627e\u5230\u770b\u770b\u80fd\u4e0d\u80fd\u627e\u5230\u770b\u770b\u80fd\u4e0d\u80fd\u627e\u5230\u770b\u770b\u80fd\u4e0d\u80fd\u627e\u5230\u770b\u770b\u80fd\u4e0d\u80fd\u627e\u5230\u770b\u770b\u80fd\u4e0d\u80fd\u627e\u5230\u770b\u770b\u80fd\u4e0d\u80fd\u627e\u5230\u770b\u770b\u80fd\u4e0d\u80fd\u627e\u5230\u770b\u770b\u80fd\u4e0d\u80fd\u627e\u5230\u770b\u770b\u80fd\u4e0d\u80fd\u627e\u5230\u770b\u770b\u80fd\u4e0d\u80fd\u627e\u5230\u770b\u770b\u80fd\u4e0d\u80fd\u627e\u5230\u770b\u770b\u80fd\u4e0d\u80fd\u627e\u5230\u770b\u770b\u80fd\u4e0d\u80fd\u627e\u5230\u770b\u770b\u80fd\u4e0d\u80fd\u627e\u5230\u770b\u770b\u80fd\u4e0d\u80fd\u627e\u5230\u770b\u770b\u80fd\u4e0d\u80fd\u627e\u5230\u770b\u770b\u80fd\u4e0d\u80fd\u627e\u5230\u770b\u770b\u80fd\u4e0d\u80fd\u627e\u5230\u770b\u770b\u80fd\u4e0d\u80fd\u627e\u5230\u770b\u770b\u80fd\u4e0d\u80fd\u627e\u5230\u770b\u770b\u80fd\u4e0d\u80fd\u627e\u5230\u770b\u770b\u80fd\u4e0d\u80fd\u627e\u5230\u770b\u770b\u80fd\u4e0d\u80fd\u627e\u5230\u770b\u770b\u80fd\u4e0d\u80fd\u627e\u5230\u770b\u770b\u80fd\u4e0d\u80fd\u627e\u5230\u770b\u770b\u80fd\u4e0d\u80fd\u627e\u5230\u770b\u770b\u80fd\u4e0d\u80fd\u627e\u5230\u770b\u770b\u80fd\u4e0d\u80fd\u627e\u5230\u770b\u770b\u80fd\u4e0d\u80fd\u627e\u5230\u770b\u770b\u80fd\u4e0d\u80fd\u627e\u5230\u770b\u770b\u80fd\u4e0d\u80fd\u627e\u5230\u770b\u770b\u80fd\u4e0d\u80fd\u627e\u5230\u770b\u770b\u80fd\u4e0d\u80fd\u627e\u5230\u770b\u770b\u80fd\u4e0d\u80fd\u627e\u5230\u770b\u770b\u80fd\u4e0d\u80fd\u627e\u5230\u770b\u770b\u80fd\u4e0d\u80fd\u627e\u5230\u770b\u770b\u80fd\u4e0d\u80fd\u627e\u5230\u770b\u770b\u80fd\u4e0d\u80fd\u627e\u5230\u770b\u770b\u80fd\u4e0d\u80fd\u627e\u5230\u770b\u770b\u80fd\u4e0d\u80fd\u627e\u5230\u770b\u770b\u80fd\u4e0d\u80fd\u627e\u5230\u770b\u770b\u80fd\u4e0d\u80fd\u627e\u5230\u770b\u770b\u80fd\u4e0d\u80fd\u627e\u5230\u770b\u770b\u80fd\u4e0d\u80fd\u627e\u5230\u770b\u770b\u80fd\u4e0d\u80fd\u627e\u5230\u770b\u770b\u80fd\u4e0d\u80fd\u627e\u5230\u770b\u770b\u80fd\u4e0d\u80fd\u627e\u5230\u770b\u770b\u80fd\u4e0d\u80fd\u627e\u5230\u770b\u770b\u80fd\u4e0d\u80fd\u627e\u5230\u770b\u770b\u80fd\u4e0d\u80fd\u627e\u5230\u770b\u770b\u80fd\u4e0d\u80fd\u627e\u5230\u770b\u770b\u80fd\u4e0d\u80fd\u627e\u5230\u770b\u770b\u80fd\u4e0d\u80fd\u627e\u5230\u770b\u770b\u80fd\u4e0d\u80fd\u627e\u5230\u770b\u770b\u80fd\u4e0d\u80fd\u627e\u5230\u770b\u770b\u80fd\u4e0d\u80fd\u627e\u5230\u770b\u770b\u80fd\u4e0d\u80fd\u627e\u5230\u770b\u770b\u80fd\u4e0d\u80fd\u627e\u5230\u770b\u770b\u80fd\u4e0d\u80fd\u627e\u5230\u770b\u770b\u80fd\u4e0d\u80fd\u627e\u5230\u770b\u770b\u80fd\u4e0d\u80fd\u627e\u5230\u770b\u770b\u80fd\u4e0d\u80fd\u627e\u5230\u770b\u770b\u80fd\u4e0d\u80fd\u627e\u5230\u770b\u770b\u80fd\u4e0d\u80fd\u627e\u5230\u770b\u770b\u80fd\u4e0d\u80fd\u627e\u5230\u770b\u770b\u80fd\u4e0d\u80fd\u627e\u5230\u770b\u770b\u80fd\u4e0d\u80fd\u627e\u5230\u770b\u770b\u80fd\u4e0d\u80fd\u627e\u5230\u770b\u770b\u80fd\u4e0d\u80fd\u627e\u5230\u770b\u770b\u80fd\u4e0d\u80fd\u627e\u5230\u770b\u770b\u80fd\u4e0d\u80fd\u627e\u5230\u770b\u770b\u80fd\u4e0d\u80fd\u627e\u5230\u770b\u770b\u80fd\u4e0d\u80fd\u627e\u5230\u770b\u770b\u80fd\u4e0d\u80fd\u627e\u5230\u770b\u770b\u80fd\u4e0d\u80fd\u627e\u5230\u770b\u770b\u80fd\u4e0d\u80fd\u627e\u5230\u770b\u770b\u80fd\u4e0d\u80fd\u627e\u5230\u770b\u770b\u80fd\u4e0d\u80fd\u627e\u5230\u770b\u770b\u80fd\u4e0d\u80fd\u627e\u5230\u770b\u770b\u80fd\u4e0d\u80fd\u627e\u5230\u770b\u770b\u80fd\u4e0d\u80fd\u627e\u5230\u770b\u770b\u80fd\u4e0d\u80fd\u627e\u5230\u770b\u770b\u80fd\u4e0d\u80fd\u627e\u5230\u770b\u770b\u80fd\u4e0d\u80fd\u627e\u5230\u770b\u770b\u80fd\u4e0d\u80fd\u627e\u5230\u770b\u770b\u80fd\u4e0d\u80fd\u627e\u5230\u770b\u770b\u80fd\u4e0d\u80fd\u627e\u5230\u770b\u770b\u80fd\u4e0d\u80fd\u627e\u5230\u770b\u770b\u80fd\u4e0d\u80fd\u627e\u5230\u770b\u770b\u80fd\u4e0d\u80fd\u627e\u5230\u770b\u770b\u80fd\u4e0d\u80fd\u627e\u5230\u770b\u770b\u80fd\u4e0d\u80fd\u627e\u5230\u770b\u770b\u80fd\u4e0d\u80fd\u627e\u5230\u770b\u770b\u80fd\u4e0d\u80fd\u627e\u5230\u770b\u770b\u80fd\u4e0d\u80fd\u627e\u5230\u770b\u770b\u80fd\u4e0d\u80fd\u627e\u5230\u770b\u770b\u80fd\u4e0d\u80fd\u627e\u5230\u770b\u770b\u80fd\u4e0d\u80fd\u627e\u5230\u770b\u770b\u80fd\u4e0d\u80fd\u627e\u5230\u770b\u770b\u80fd\u4e0d\u80fd\u627e\u5230\u770b\u770b\u80fd\u4e0d\u80fd\u627e\u5230\u770b\u770b\u80fd\u4e0d\u80fd\u627e\u5230\u770b\u770b\u80fd\u4e0d\u80fd\u627e\u5230\u770b\u770b\u80fd\u4e0d\u80fd\u627e\u5230\u770b\u770b\u80fd\u4e0d\u80fd\u627e\u5230\u770b\u770b\u80fd\u4e0d\u80fd\u627e\u5230\u770b\u770b\u80fd\u4e0d\u80fd\u627e\u5230\u770b\u770b\u80fd\u4e0d\u80fd\u627e\u5230\u770b\u770b\u80fd\u4e0d\u80fd\u627e\u5230\u770b\u770b\u80fd\u4e0d\u80fd\u627e\u5230\u770b\u770b\u80fd\u4e0d\u80fd\u627e\u5230\u770b\u770b\u80fd\u4e0d\u80fd\u627e\u5230\u770b\u770b\u80fd\u4e0d\u80fd\u627e\u5230\u770b\u770b\u80fd\u4e0d\u80fd\u627e\u5230\u770b\u770b\u80fd\u4e0d\u80fd\u627e\u5230\u770b\u770b\u80fd\u4e0d\u80fd\u627e\u5230\u770b\u770b\u80fd\u4e0d\u80fd\u627e\u5230\u770b\u770b\u80fd\u4e0d\u80fd\u627e\u5230\u770b\u770b\u80fd\u4e0d\u80fd\u627e\u5230\u770b\u770b\u80fd\u4e0d\u80fd\u627e\u5230\u770b\u770b\u80fd\u4e0d\u80fd\u627e\u5230\u770b\u770b\u80fd\u4e0d\u80fd\u627e\u5230\u770b\u770b\u80fd\u4e0d\u80fd\u627e\u5230\u770b\u770b\u80fd\u4e0d\u80fd\u627e\u5230\u770b\u770b\u80fd\u4e0d\u80fd\u627e\u5230\u770b\u770b\u80fd\u4e0d\u80fd\u627e\u5230\u770b\u770b\u80fd\u4e0d\u80fd\u627e\u5230\u770b\u770b\u80fd\u4e0d\u80fd\u627e\u5230\u770b\u770b\u80fd\u4e0d\u80fd\u627e\u5230\u770b\u770b\u80fd\u4e0d\u80fd\u627e\u5230\u770b\u770b\u80fd\u4e0d\u80fd\u627e\u5230\u770b\u770b\u80fd\u4e0d\u80fd\u627e\u5230\u770b\u770b\u80fd\u4e0d\u80fd\u627e\u5230\u770b\u770b\u80fd\u4e0d\u80fd\u627e\u5230\u770b\u770b\u80fd\u4e0d\u80fd\u627e\u5230\u770b\u770b\u80fd\u4e0d\u80fd\u627e\u5230\u770b\u770b\u80fd\u4e0d\u80fd\u627e\u5230\u770b\u770b\u80fd\u4e0d\u80fd\u627e\u5230\u770b\u770b\u80fd\u4e0d\u80fd\u627e\u5230\u770b\u770b\u80fd\u4e0d\u80fd\u627e\u5230\u770b\u770b\u80fd\u4e0d\u80fd\u627e\u5230\u770b\u770b\u80fd\u4e0d\u80fd\u627e\u5230\u770b\u770b\u80fd\u4e0d\u80fd\u627e\u5230\u770b\u770b\u80fd\u4e0d\u80fd\u627e\u5230\u770b\u770b\u80fd\u4e0d\u80fd\u627e\u5230\u770b\u770b\u80fd\u4e0d\u80fd\u627e\u5230\u770b\u770b\u80fd\u4e0d\u80fd\u627e\u5230\u770b\u770b\u80fd\u4e0d\u80fd\u627e\u5230\u770b\u770b\u80fd\u4e0d\u80fd\u627e\u5230\u770b\u770b\u80fd\u4e0d\u80fd\u627e\u5230\u770b\u770b\u80fd\u4e0d\u80fd\u627e\u5230\u770b\u770b\u80fd\u4e0d\u80fd\u627e\u5230\u770b\u770b\u80fd\u4e0d\u80fd\u627e\u5230\u770b\u770b\u80fd\u4e0d\u80fd\u627e\u5230\u770b\u770b\u80fd\u4e0d\u80fd\u627e\u5230\u770b\u770b\u80fd\u4e0d\u80fd\u627e\u5230\u770b\u770b\u80fd\u4e0d\u80fd\u627e\u5230\u770b\u770b\u80fd\u4e0d\u80fd\u627e\u5230\u770b\u770b\u80fd\u4e0d\u80fd\u627e\u5230\u770b\u770b\u80fd\u4e0d\u80fd\u627e\u5230\u770b\u770b\u80fd\u4e0d\u80fd\u627e\u5230\u770b\u770b\u80fd\u4e0d\u80fd\u627e\u5230\u770b\u770b\u80fd\u4e0d\u80fd\u627e\u5230\u770b\u770b\u80fd\u4e0d\u80fd\u627e\u5230\u770b\u770b\u80fd\u4e0d\u80fd\u627e\u5230\u770b\u770b\u80fd\u4e0d\u80fd\u627e\u5230\u770b\u770b\u80fd\u4e0d\u80fd\u627e\u5230\u770b\u770b\u80fd\u4e0d\u80fd\u627e\u5230\u770b\u770b\u80fd\u4e0d\u80fd\u627e\u5230\u770b\u770b\u80fd\u4e0d\u80fd\u627e\u5230\u770b\u770b\u80fd\u4e0d\u80fd\u627e\u5230\u770b\u770b\u80fd\u4e0d\u80fd\u627e\u5230\u770b\u770b\u80fd\u4e0d\u80fd\u627e\u5230\u770b\u770b\u80fd\u4e0d\u80fd\u627e\u5230\u770b\u770b\u80fd\u4e0d\u80fd\u627e\u5230\u770b\u770b\u80fd\u4e0d\u80fd\u627e\u5230\u770b\u770b\u80fd\u4e0d\u80fd\u627e\u5230\u770b\u770b\u80fd\u4e0d\u80fd\u627e\u5230\u770b\u770b\u80fd\u4e0d\u80fd\u627e\u5230\u770b\u770b\u80fd\u4e0d\u80fd\u627e\u5230\u770b\u770b\u80fd\u4e0d\u80fd\u627e\u5230\u770b\u770b\u80fd\u4e0d\u80fd\u627e\u5230\u770b\u770b\u80fd\u4e0d\u80fd\u627e\u5230\u770b\u770b\u80fd\u4e0d\u80fd\u627e\u5230\u770b\u770b\u80fd\u4e0d\u80fd\u627e\u5230\u770b\u770b\u80fd\u4e0d\u80fd\u627e\u5230\u770b\u770b\u80fd\u4e0d\u80fd\u627e\u5230\u770b\u770b\u80fd\u4e0d\u80fd\u627e\u5230\u770b\u770b\u80fd\u4e0d\u80fd\u627e\u5230\u770b\u770b\u80fd\u4e0d\u80fd\u627e\u5230\u770b\u770b\u80fd\u4e0d\u80fd\u627e\u5230\u770b\u770b\u80fd\u4e0d\u80fd\u627e\u5230\u770b\u770b\u80fd\u4e0d\u80fd\u627e\u5230\u770b\u770b\u80fd\u4e0d\u80fd\u627e\u5230\u770b\u770b\u80fd\u4e0d\u80fd\u627e\u5230\u770b\u770b\u80fd\u4e0d\u80fd\u627e\u5230\u770b\u770b\u80fd\u4e0d\u80fd\u627e\u5230\u770b\u770b\u80fd\u4e0d\u80fd\u627e\u5230\u770b\u770b\u80fd\u4e0d\u80fd\u627e\u5230\u770b\u770b\u80fd\u4e0d\u80fd\u627e\u5230\u770b\u770b\u80fd\u4e0d\u80fd\u627e\u5230\u770b\u770b\u80fd\u4e0d\u80fd\u627e\u5230\u770b\u770b\u80fd\u4e0d\u80fd\u627e\u5230\u770b\u770b\u80fd\u4e0d\u80fd\u627e\u5230\u770b\u770b\u80fd\u4e0d\u80fd\u627e\u5230\u770b\u770b\u80fd\u4e0d\u80fd\u627e\u5230\u770b\u770b\u80fd\u4e0d\u80fd\u627e\u5230\u770b\u770b\u80fd\u4e0d\u80fd\u627e\u5230\u770b\u770b\u80fd\u4e0d\u80fd\u627e\u5230\u770b\u770b\u80fd\u4e0d\u80fd\u627e\u5230\u770b\u770b\u80fd\u4e0d\u80fd\u627e\u5230\u770b\u770b\u80fd\u4e0d\u80fd\u627e\u5230\u770b\u770b\u80fd\u4e0d\u80fd\u627e\u5230\u770b\u770b\u80fd\u4e0d\u80fd\u627e\u5230\u770b\u770b\u80fd\u4e0d\u80fd\u627e\u5230\u770b\u770b\u80fd\u4e0d\u80fd\u627e\u5230\u770b\u770b\u80fd\u4e0d\u80fd\u627e\u5230\u770b\u770b\u80fd\u4e0d\u80fd\u627e\u5230\u770b\u770b\u80fd\u4e0d\u80fd\u627e\u5230\u770b\u770b\u80fd\u4e0d\u80fd\u627e\u5230\u770b\u770b\u80fd\u4e0d\u80fd\u627e\u5230\u770b\u770b\u80fd\u4e0d\u80fd\u627e\u5230\u770b\u770b\u80fd\u4e0d\u80fd\u627e\u5230\u770b\u770b\u80fd\u4e0d\u80fd\u627e\u5230\u770b\u770b\u80fd\u4e0d\u80fd\u627e\u5230\u770b\u770b\u80fd\u4e0d\u80fd\u627e\u5230\u770b\u770b\u80fd\u4e0d\u80fd\u627e\u5230\u770b\u770b\u80fd\u4e0d\u80fd\u627e\u5230\u770b\u770b\u80fd\u4e0d\u80fd\u627e\u5230\u770b\u770b\u80fd\u4e0d\u80fd\u627e\u5230\u770b\u770b\u80fd\u4e0d\u80fd\u627e\u5230\u770b\u770b\u80fd\u4e0d\u80fd\u627e\u5230\u770b\u770b\u80fd\u4e0d\u80fd\u627e\u5230\u770b\u770b\u80fd\u4e0d\u80fd\u627e\u5230\u770b\u770b\u80fd\u4e0d\u80fd\u627e\u5230\u770b\u770b\u80fd\u4e0d\u80fd\u627e\u5230\u770b\u770b\u80fd\u4e0d\u80fd\u627e\u5230\u770b\u770b\u80fd\u4e0d\u80fd\u627e\u5230\u770b\u770b\u80fd\u4e0d\u80fd\u627e\u5230\u770b\u770b\u80fd\u4e0d\u80fd\u627e\u5230", "author": 1, "created_time": "2019-04-16T01:04:11.091Z", "last_updated_time": "2019-04-21T08:46:22.620Z"}}, {"model": "blog.blog", "pk": 3, "fields": {"title": "\u968f\u4fbf\u5199\u5199", "blog_type": 2, "content": "<p><strong>\u4eca\u5929\u7684\u76f8\u5bf9\u8bba\u6709\u3001\u4e1c\u897f</strong></p>\r\n\r\n<p><strong>sda<span style=\"background-color:#ffffff\">sdasda</span><span style=\"color:#2980b9\"><span style=\"background-color:#ffffff\">sssssda</span></span></strong></p>", "author": 1, "created_time": "2019-04-16T08:04:45.173Z", "last_updated_time": "2019-04-28T01:36:33.155Z"}}, {"model": "blog.blog", "pk": 4, "fields": {"title": "shell\u4e0b\u7b2c\u4e00\u7bc7", "blog_type": 1, "content": "", "author": 1, "created_time": "2019-04-22T03:07:18.833Z", "last_updated_time": "2019-04-22T03:07:18.833Z"}}, {"model": "blog.blog", "pk": 5, "fields": {"title": "for1", "blog_type": 1, "content": "XXXX:1", "author": 1, "created_time": "2019-04-22T03:14:19.673Z", "last_updated_time": "2019-04-22T03:14:19.674Z"}}, {"model": "blog.blog", "pk": 6, "fields": {"title": "for2", "blog_type": 1, "content": "XXXX:2", "author": 1, "created_time": "2019-04-22T03:14:20.200Z", "last_updated_time": "2019-04-22T03:14:20.200Z"}}, {"model": "blog.blog", "pk": 7, "fields": {"title": "for3", "blog_type": 1, "content": "XXXX:3", "author": 1, "created_time": "2019-04-22T03:14:20.321Z", "last_updated_time": "2019-04-22T03:14:20.321Z"}}, {"model": "blog.blog", "pk": 8, "fields": {"title": "for4", "blog_type": 1, "content": "XXXX:4", "author": 1, "created_time": "2019-04-22T03:14:20.405Z", "last_updated_time": "2019-04-22T03:14:20.405Z"}}, {"model": "blog.blog", "pk": 9, "fields": {"title": "for5", "blog_type": 1, "content": "XXXX:5", "author": 1, "created_time": "2019-04-22T03:14:20.502Z", "last_updated_time": "2019-04-22T03:14:20.502Z"}}, {"model": "blog.blog", "pk": 10, "fields": {"title": "for6", "blog_type": 1, "content": "XXXX:6", "author": 1, "created_time": "2019-04-22T03:14:20.598Z", "last_updated_time": "2019-04-22T03:14:20.598Z"}}, {"model": "blog.blog", "pk": 11, "fields": {"title": "for7", "blog_type": 1, "content": "XXXX:7", "author": 1, "created_time": "2019-04-22T03:14:20.695Z", "last_updated_time": "2019-04-22T03:14:20.695Z"}}, {"model": "blog.blog", "pk": 12, "fields": {"title": "for8", "blog_type": 1, "content": "XXXX:8", "author": 1, "created_time": "2019-04-22T03:14:20.780Z", "last_updated_time": "2019-04-22T03:14:20.780Z"}}, {"model": "blog.blog", "pk": 13, "fields": {"title": "for9", "blog_type": 1, "content": "XXXX:9", "author": 1, "created_time": "2019-04-22T03:14:20.875Z", "last_updated_time": "2019-04-22T03:14:20.875Z"}}, {"model": "blog.blog", "pk": 14, "fields": {"title": "for10", "blog_type": 1, "content": "XXXX:10", "author": 1, "created_time": "2019-04-22T03:14:20.971Z", "last_updated_time": "2019-04-22T03:14:20.971Z"}}, {"model": "blog.blog", "pk": 15, "fields": {"title": "for11", "blog_type": 1, "content": "XXXX:11", "author": 1, "created_time": "2019-04-22T03:14:21.068Z", "last_updated_time": "2019-04-22T03:14:21.068Z"}}, {"model": "blog.blog", "pk": 16, "fields": {"title": "for12", "blog_type": 1, "content": "XXXX:12", "author": 1, "created_time": "2019-04-22T03:14:21.164Z", "last_updated_time": "2019-04-22T03:14:21.164Z"}}, {"model": "blog.blog", "pk": 17, "fields": {"title": "for13", "blog_type": 1, "content": "XXXX:13", "author": 1, "created_time": "2019-04-22T03:14:21.249Z", "last_updated_time": "2019-04-22T03:14:21.250Z"}}, {"model": "blog.blog", "pk": 18, "fields": {"title": "for14", "blog_type": 1, "content": "XXXX:14", "author": 1, "created_time": "2019-04-22T03:14:21.332Z", "last_updated_time": "2019-04-22T03:14:21.332Z"}}, {"model": "blog.blog", "pk": 19, "fields": {"title": "for15", "blog_type": 1, "content": "XXXX:15", "author": 1, "created_time": "2019-04-22T03:14:21.419Z", "last_updated_time": "2019-04-22T03:14:21.419Z"}}, {"model": "blog.blog", "pk": 20, "fields": {"title": "for16", "blog_type": 1, "content": "XXXX:16", "author": 1, "created_time": "2019-04-22T03:14:21.516Z", "last_updated_time": "2019-04-22T03:14:21.516Z"}}, {"model": "blog.blog", "pk": 21, "fields": {"title": "for17", "blog_type": 1, "content": "XXXX:17", "author": 1, "created_time": "2019-04-22T03:14:21.600Z", "last_updated_time": "2019-04-28T02:36:56.734Z"}}, {"model": "blog.blog", "pk": 22, "fields": {"title": "for18", "blog_type": 1, "content": "XXXX:18", "author": 1, "created_time": "2019-04-22T03:14:21.685Z", "last_updated_time": "2019-04-28T02:21:46.931Z"}}, {"model": "blog.blog", "pk": 23, "fields": {"title": "for19", "blog_type": 1, "content": "XXXX:19", "author": 1, "created_time": "2019-04-22T03:14:21.781Z", "last_updated_time": "2019-04-28T02:36:41.905Z"}}, {"model": "blog.blog", "pk": 24, "fields": {"title": "for20", "blog_type": 1, "content": "<p><a id=\"2\" name=\"2\"></a>XXXX:20</p>\r\n\r\n<p><a id=\"3\" name=\"3\"></a>gjhgjh</p>", "author": 1, "created_time": "2019-04-22T03:14:21.865Z", "last_updated_time": "2019-04-28T02:33:30.211Z"}}, {"model": "blog.blog", "pk": 25, "fields": {"title": "111", "blog_type": 1, "content": "\u6d4b\u8bd5", "author": 1, "created_time": "2019-05-06T02:52:00.080Z", "last_updated_time": "2019-05-06T02:52:00.080Z"}}, {"model": "blog.blog", "pk": 26, "fields": {"title": "1233", "blog_type": 1, "content": "\u6d4b\u8bd52", "author": 1, "created_time": "2019-05-06T03:05:27.391Z", "last_updated_time": "2019-05-06T03:05:27.391Z"}}, {"model": "blog.blog", "pk": 27, "fields": {"title": "666", "blog_type": 2, "content": "666", "author": 1, "created_time": "2019-05-06T03:05:35.839Z", "last_updated_time": "2019-05-06T03:05:35.839Z"}}, {"model": "blog.blog", "pk": 28, "fields": {"title": "111", "blog_type": 1, "content": "111", "author": 1, "created_time": "2019-05-06T03:19:23.461Z", "last_updated_time": "2019-05-06T03:19:23.461Z"}}, {"model": "blog.blog", "pk": 29, "fields": {"title": "3333", "blog_type": 1, "content": "<p>312312</p>", "author": 1, "created_time": "2019-05-08T09:15:29.395Z", "last_updated_time": "2019-05-08T09:15:29.395Z"}}, {"model": "blog.blog", "pk": 32, "fields": {"title": "23333", "blog_type": 1, "content": "233", "author": 1, "created_time": "2019-05-08T09:22:55.983Z", "last_updated_time": "2019-05-08T09:22:55.983Z"}}, {"model": "blog.blog", "pk": 34, "fields": {"title": "111", "blog_type": 1, "content": "<p>111</p>", "author": 1, "created_time": "2019-05-08T09:53:02.232Z", "last_updated_time": "2019-05-08T09:53:02.232Z"}}, {"model": "blog.blog", "pk": 35, "fields": {"title": "111", "blog_type": 1, "content": "<p>2222</p>", "author": 1, "created_time": "2019-05-10T00:16:17.043Z", "last_updated_time": "2019-05-10T00:16:17.043Z"}}, {"model": "blog.blog", "pk": 36, "fields": {"title": "11111111111", "blog_type": 1, "content": "<p>1111111111</p>", "author": 1, "created_time": "2019-05-10T00:17:10.464Z", "last_updated_time": "2019-05-10T00:17:10.464Z"}}, {"model": "blog.blog", "pk": 37, "fields": {"title": "2333333", "blog_type": 1, "content": "<p>11111111111111111</p>", "author": 1, "created_time": "2019-05-10T00:18:13.522Z", "last_updated_time": "2019-05-10T00:18:13.523Z"}}, {"model": "blog.blog", "pk": 38, "fields": {"title": "222", "blog_type": 1, "content": "<p>2131231</p>", "author": 1, "created_time": "2019-05-10T00:19:08.213Z", "last_updated_time": "2019-05-10T00:19:08.213Z"}}, {"model": "comment.comment", "pk": 1, "fields": {"content_type": 8, "object_id": 24, "text": "6666666", "comment_time": "2019-04-30T12:56:10.724Z", "user": 1, "root": null, "parent": null, "reply_to": null}}, {"model": "comment.comment", "pk": 2, "fields": {"content_type": 8, "object_id": 24, "text": "666666666", "comment_time": "2019-04-30T12:58:10.379Z", "user": 1, "root": null, "parent": null, "reply_to": null}}, {"model": "comment.comment", "pk": 3, "fields": {"content_type": 8, "object_id": 22, "text": "\u5362\u672c\u4f1fNB\uff01", "comment_time": "2019-04-30T13:06:27.357Z", "user": 1, "root": null, "parent": null, "reply_to": null}}, {"model": "comment.comment", "pk": 4, "fields": {"content_type": 8, "object_id": 24, "text": "\u725b\u903c\u725b\u903c", "comment_time": "2019-04-30T13:40:36.032Z", "user": 1, "root": null, "parent": null, "reply_to": null}}, {"model": "comment.comment", "pk": 5, "fields": {"content_type": 8, "object_id": 24, "text": "\u5389\u5bb3\u4e86\u8001\u5f1f", "comment_time": "2019-04-30T13:40:45.627Z", "user": 1, "root": null, "parent": null, "reply_to": null}}, {"model": "comment.comment", "pk": 6, "fields": {"content_type": 8, "object_id": 22, "text": "\u79c0\u554a\uff01", "comment_time": "2019-05-01T03:07:30.544Z", "user": 1, "root": null, "parent": null, "reply_to": null}}, {"model": "comment.comment", "pk": 7, "fields": {"content_type": 8, "object_id": 20, "text": "666", "comment_time": "2019-05-01T03:35:38.659Z", "user": 1, "root": null, "parent": null, "reply_to": null}}, {"model": "comment.comment", "pk": 8, "fields": {"content_type": 8, "object_id": 24, "text": "<p>123</p>", "comment_time": "2019-05-01T06:27:13.748Z", "user": 1, "root": null, "parent": null, "reply_to": null}}, {"model": "comment.comment", "pk": 9, "fields": {"content_type": 8, "object_id": 24, "text": "<p>123</p>", "comment_time": "2019-05-01T06:27:21.101Z", "user": 1, "root": null, "parent": null, "reply_to": null}}, {"model": "comment.comment", "pk": 10, "fields": {"content_type": 8, "object_id": 24, "text": "<p>111</p>", "comment_time": "2019-05-01T06:31:19.412Z", "user": 1, "root": null, "parent": null, "reply_to": null}}, {"model": "comment.comment", "pk": 11, "fields": {"content_type": 8, "object_id": 24, "text": "<p>2222</p>", "comment_time": "2019-05-01T06:37:40.447Z", "user": 1, "root": null, "parent": null, "reply_to": null}}, {"model": "comment.comment", "pk": 12, "fields": {"content_type": 8, "object_id": 24, "text": "<p>111</p>", "comment_time": "2019-05-01T06:54:05.712Z", "user": 1, "root": null, "parent": null, "reply_to": null}}, {"model": "comment.comment", "pk": 13, "fields": {"content_type": 8, "object_id": 24, "text": "\u4e0a\u9999\u4e0a\u9999", "comment_time": "2019-05-01T07:36:33.627Z", "user": 1, "root": 4, "parent": 4, "reply_to": 1}}, {"model": "comment.comment", "pk": 14, "fields": {"content_type": 8, "object_id": 24, "text": "<p>666</p>", "comment_time": "2019-05-01T08:23:34.885Z", "user": 1, "root": 12, "parent": 12, "reply_to": 1}}, {"model": "comment.comment", "pk": 15, "fields": {"content_type": 8, "object_id": 24, "text": "<p>111</p>", "comment_time": "2019-05-01T08:42:30.737Z", "user": 1, "root": 12, "parent": 14, "reply_to": 1}}, {"model": "comment.comment", "pk": 16, "fields": {"content_type": 8, "object_id": 21, "text": "<p>1111</p>", "comment_time": "2019-05-01T11:46:53.146Z", "user": 1, "root": null, "parent": null, "reply_to": null}}, {"model": "comment.comment", "pk": 17, "fields": {"content_type": 8, "object_id": 24, "text": "<p>2222222</p>", "comment_time": "2019-05-01T12:01:50.675Z", "user": 1, "root": 12, "parent": 12, "reply_to": 1}}, {"model": "comment.comment", "pk": 18, "fields": {"content_type": 8, "object_id": 24, "text": "<p>\u4f60\u662f\u79c0\u513f\u5417\uff1f</p>", "comment_time": "2019-05-05T00:53:13.660Z", "user": 1, "root": 12, "parent": 12, "reply_to": 1}}, {"model": "comment.comment", "pk": 19, "fields": {"content_type": 8, "object_id": 24, "text": "<p>\u4f60\u662f\u79c0\u513f\u5417\uff1f</p>", "comment_time": "2019-05-05T00:53:17.243Z", "user": 1, "root": 12, "parent": 12, "reply_to": 1}}, {"model": "comment.comment", "pk": 20, "fields": {"content_type": 8, "object_id": 24, "text": "<p>\u4f60\u662f\u79c0\u513f\u5417\uff1f</p>", "comment_time": "2019-05-05T00:53:19.252Z", "user": 1, "root": 12, "parent": 12, "reply_to": 1}}, {"model": "comment.comment", "pk": 21, "fields": {"content_type": 8, "object_id": 24, "text": "<p>\u4f60\u662f\u79c0\u513f\u5417\uff1f</p>", "comment_time": "2019-05-05T00:53:19.855Z", "user": 1, "root": 12, "parent": 12, "reply_to": 1}}, {"model": "comment.comment", "pk": 22, "fields": {"content_type": 8, "object_id": 24, "text": "<p>\u4f60\u662f\u79c0\u513f\u5417\uff1f</p>", "comment_time": "2019-05-05T00:53:20.106Z", "user": 1, "root": 12, "parent": 12, "reply_to": 1}}, {"model": "comment.comment", "pk": 23, "fields": {"content_type": 8, "object_id": 24, "text": "<p>\u4f60\u662f\u79c0\u513f\u5417\uff1f</p>", "comment_time": "2019-05-05T00:53:20.320Z", "user": 1, "root": 12, "parent": 12, "reply_to": 1}}, {"model": "comment.comment", "pk": 24, "fields": {"content_type": 8, "object_id": 24, "text": "<p>\u4f60\u662f\u79c0\u513f\u5417\uff1f</p>", "comment_time": "2019-05-05T00:53:20.543Z", "user": 1, "root": 12, "parent": 12, "reply_to": 1}}, {"model": "comment.comment", "pk": 25, "fields": {"content_type": 8, "object_id": 24, "text": "<p>\u4f60\u662f\u79c0\u513f\u5417\uff1f</p>", "comment_time": "2019-05-05T00:53:20.733Z", "user": 1, "root": 12, "parent": 12, "reply_to": 1}}, {"model": "comment.comment", "pk": 26, "fields": {"content_type": 8, "object_id": 24, "text": "<p>\u4f60\u662f\u79c0\u513f\u5417\uff1f</p>", "comment_time": "2019-05-05T00:53:20.933Z", "user": 1, "root": 12, "parent": 12, "reply_to": 1}}, {"model": "comment.comment", "pk": 27, "fields": {"content_type": 8, "object_id": 24, "text": "<p>\u4f60\u662f\u79c0\u513f\u5417\uff1f</p>", "comment_time": "2019-05-05T00:53:21.066Z", "user": 1, "root": 12, "parent": 12, "reply_to": 1}}, {"model": "comment.comment", "pk": 28, "fields": {"content_type": 8, "object_id": 24, "text": "<p>\u4f60\u662f\u79c0\u513f\u5417\uff1f</p>", "comment_time": "2019-05-05T00:53:21.410Z", "user": 1, "root": 12, "parent": 12, "reply_to": 1}}, {"model": "comment.comment", "pk": 29, "fields": {"content_type": 8, "object_id": 24, "text": "<p>\u4f60\u662f\u79c0\u513f\u5417\uff1f</p>", "comment_time": "2019-05-05T00:53:21.417Z", "user": 1, "root": 12, "parent": 12, "reply_to": 1}}, {"model": "comment.comment", "pk": 30, "fields": {"content_type": 8, "object_id": 24, "text": "<p>\u4f60\u662f\u79c0\u513f\u5417\uff1f</p>", "comment_time": "2019-05-05T00:54:35.493Z", "user": 1, "root": 12, "parent": 12, "reply_to": 1}}, {"model": "comment.comment", "pk": 31, "fields": {"content_type": 8, "object_id": 24, "text": "<p>\u4f60\u662f\u79c0\u513f\u5417\uff1f</p>", "comment_time": "2019-05-05T00:55:00.293Z", "user": 1, "root": 12, "parent": 12, "reply_to": 1}}, {"model": "comment.comment", "pk": 32, "fields": {"content_type": 8, "object_id": 24, "text": "<p>\u6709\u70b9\u9a9a</p>", "comment_time": "2019-05-05T01:05:37.876Z", "user": 1, "root": 12, "parent": 12, "reply_to": 1}}, {"model": "comment.comment", "pk": 33, "fields": {"content_type": 8, "object_id": 24, "text": "<p>\u4f60\u597d6\u554a</p>", "comment_time": "2019-05-05T01:11:44.415Z", "user": 1, "root": 12, "parent": 12, "reply_to": 1}}, {"model": "comment.comment", "pk": 34, "fields": {"content_type": 8, "object_id": 25, "text": "<p>\u4f60\u662f\u79c0\u513f\u5417</p>", "comment_time": "2019-05-06T02:54:05.894Z", "user": 1, "root": null, "parent": null, "reply_to": null}}, {"model": "comment.comment", "pk": 35, "fields": {"content_type": 8, "object_id": 25, "text": "<p>666</p>", "comment_time": "2019-05-06T02:54:17.382Z", "user": 1, "root": 34, "parent": 34, "reply_to": 1}}, {"model": "comment.comment", "pk": 36, "fields": {"content_type": 8, "object_id": 27, "text": "<p>\u4f60\u662f\u771f\u7684\u79c0\u513f\uff01</p>", "comment_time": "2019-05-06T03:05:50.448Z", "user": 1, "root": null, "parent": null, "reply_to": null}}, {"model": "likes.likerecord", "pk": 12, "fields": {"content_type": 8, "object_id": 24, "user": 1, "liked_time": "2019-05-03T10:59:07.919Z"}}, {"model": "likes.likerecord", "pk": 13, "fields": {"content_type": 13, "object_id": 14, "user": 1, "liked_time": "2019-05-03T10:59:17.119Z"}}, {"model": "likes.likerecord", "pk": 14, "fields": {"content_type": 8, "object_id": 32, "user": 1, "liked_time": "2019-05-08T09:23:07.844Z"}}, {"model": "user.profile", "pk": 1, "fields": {"user": 1, "nickname": "\u674e\u821c\u751f"}}, {"model": "admin.logentry", "pk": 1, "fields": {"action_time": "2019-04-15T00:35:51.837Z", "user": 1, "content_type": 7, "object_id": "1", "object_repr": "BlogType object (1)", "action_flag": 1, "change_message": "[{\"added\": {}}]"}}, {"model": "admin.logentry", "pk": 2, "fields": {"action_time": "2019-04-15T00:35:58.829Z", "user": 1, "content_type": 7, "object_id": "2", "object_repr": "BlogType object (2)", "action_flag": 1, "change_message": "[{\"added\": {}}]"}}, {"model": "admin.logentry", "pk": 3, "fields": {"action_time": "2019-04-15T00:36:08.520Z", "user": 1, "content_type": 7, "object_id": "3", "object_repr": "BlogType object (3)", "action_flag": 1, "change_message": "[{\"added\": {}}]"}}, {"model": "admin.logentry", "pk": 4, "fields": {"action_time": "2019-04-15T00:38:33.714Z", "user": 1, "content_type": 8, "object_id": "1", "object_repr": "<Blog:\u7b2c\u4e00\u7bc7\u535a\u5ba2>", "action_flag": 1, "change_message": "[{\"added\": {}}]"}}, {"model": "admin.logentry", "pk": 5, "fields": {"action_time": "2019-04-16T01:04:11.388Z", "user": 1, "content_type": 8, "object_id": "2", "object_repr": "<Blog:\u6d4b\u8bd5>", "action_flag": 1, "change_message": "[{\"added\": {}}]"}}, {"model": "admin.logentry", "pk": 6, "fields": {"action_time": "2019-04-16T01:29:09.620Z", "user": 1, "content_type": 8, "object_id": "2", "object_repr": "<Blog:\u6d4b\u8bd5>", "action_flag": 2, "change_message": "[{\"changed\": {\"fields\": [\"content\"]}}]"}}, {"model": "admin.logentry", "pk": 7, "fields": {"action_time": "2019-04-16T08:04:45.476Z", "user": 1, "content_type": 8, "object_id": "3", "object_repr": "<Blog:\u968f\u4fbf\u5199\u5199>", "action_flag": 1, "change_message": "[{\"added\": {}}]"}}, {"model": "admin.logentry", "pk": 8, "fields": {"action_time": "2019-04-21T08:46:22.624Z", "user": 1, "content_type": 8, "object_id": "2", "object_repr": "<Blog:\u6d4b\u8bd5>", "action_flag": 2, "change_message": "[{\"changed\": {\"fields\": [\"content\"]}}]"}}, {"model": "admin.logentry", "pk": 9, "fields": {"action_time": "2019-04-28T01:36:33.457Z", "user": 1, "content_type": 8, "object_id": "3", "object_repr": "<Blog:\u968f\u4fbf\u5199\u5199>", "action_flag": 2, "change_message": "[{\"changed\": {\"fields\": [\"content\"]}}]"}}, {"model": "admin.logentry", "pk": 10, "fields": {"action_time": "2019-04-28T01:54:16.250Z", "user": 1, "content_type": 8, "object_id": "1", "object_repr": "<Blog:\u7b2c\u4e00\u7bc7\u535a\u5ba2>", "action_flag": 2, "change_message": "[{\"changed\": {\"fields\": [\"content\"]}}]"}}, {"model": "admin.logentry", "pk": 11, "fields": {"action_time": "2019-04-28T02:09:13.880Z", "user": 1, "content_type": 8, "object_id": "24", "object_repr": "<Blog:for20>", "action_flag": 2, "change_message": "[{\"changed\": {\"fields\": [\"content\"]}}]"}}, {"model": "admin.logentry", "pk": 12, "fields": {"action_time": "2019-04-28T02:50:18.134Z", "user": 1, "content_type": 9, "object_id": "1", "object_repr": "ReadNum object (1)", "action_flag": 1, "change_message": "[{\"added\": {}}]"}}, {"model": "admin.logentry", "pk": 13, "fields": {"action_time": "2019-04-28T03:18:22.747Z", "user": 1, "content_type": 9, "object_id": "6", "object_repr": "ReadNum object (6)", "action_flag": 1, "change_message": "[{\"added\": {}}]"}}, {"model": "admin.logentry", "pk": 14, "fields": {"action_time": "2019-04-28T11:22:59.084Z", "user": 1, "content_type": 10, "object_id": "1", "object_repr": "ReadNum object (1)", "action_flag": 1, "change_message": "[{\"added\": {}}]"}}, {"model": "admin.logentry", "pk": 15, "fields": {"action_time": "2019-04-29T02:26:36.333Z", "user": 1, "content_type": 11, "object_id": "1", "object_repr": "ReadDetail object (1)", "action_flag": 1, "change_message": "[{\"added\": {}}]"}}, {"model": "admin.logentry", "pk": 16, "fields": {"action_time": "2019-04-29T02:27:12.979Z", "user": 1, "content_type": 11, "object_id": "1", "object_repr": "ReadDetail object (1)", "action_flag": 2, "change_message": "[{\"changed\": {\"fields\": [\"read_num\"]}}]"}}, {"model": "admin.logentry", "pk": 17, "fields": {"action_time": "2019-04-29T08:38:10.253Z", "user": 1, "content_type": 11, "object_id": "2", "object_repr": "ReadDetail object (2)", "action_flag": 2, "change_message": "[{\"changed\": {\"fields\": [\"read_num\"]}}]"}}, {"model": "admin.logentry", "pk": 18, "fields": {"action_time": "2019-04-30T08:10:17.390Z", "user": 1, "content_type": 11, "object_id": "8", "object_repr": "ReadDetail object (8)", "action_flag": 1, "change_message": "[{\"added\": {}}]"}}, {"model": "admin.logentry", "pk": 19, "fields": {"action_time": "2019-04-30T08:10:28.598Z", "user": 1, "content_type": 11, "object_id": "9", "object_repr": "ReadDetail object (9)", "action_flag": 1, "change_message": "[{\"added\": {}}]"}}, {"model": "admin.logentry", "pk": 20, "fields": {"action_time": "2019-04-30T08:10:43.258Z", "user": 1, "content_type": 11, "object_id": "10", "object_repr": "ReadDetail object (10)", "action_flag": 1, "change_message": "[{\"added\": {}}]"}}, {"model": "admin.logentry", "pk": 21, "fields": {"action_time": "2019-04-30T08:10:54.455Z", "user": 1, "content_type": 11, "object_id": "11", "object_repr": "ReadDetail object (11)", "action_flag": 1, "change_message": "[{\"added\": {}}]"}}, {"model": "admin.logentry", "pk": 22, "fields": {"action_time": "2019-04-30T08:11:06.075Z", "user": 1, "content_type": 11, "object_id": "12", "object_repr": "ReadDetail object (12)", "action_flag": 1, "change_message": "[{\"added\": {}}]"}}, {"model": "admin.logentry", "pk": 23, "fields": {"action_time": "2019-04-30T08:11:29.579Z", "user": 1, "content_type": 11, "object_id": "13", "object_repr": "ReadDetail object (13)", "action_flag": 1, "change_message": "[{\"added\": {}}]"}}, {"model": "admin.logentry", "pk": 24, "fields": {"action_time": "2019-05-01T07:36:33.915Z", "user": 1, "content_type": 13, "object_id": "13", "object_repr": "\u4e0a\u9999\u4e0a\u9999", "action_flag": 1, "change_message": "[{\"added\": {}}]"}}, {"model": "admin.logentry", "pk": 25, "fields": {"action_time": "2019-05-03T11:44:01.610Z", "user": 1, "content_type": 16, "object_id": "1", "object_repr": "<Profile:\u674e\u821c\u751f for lss>", "action_flag": 1, "change_message": "[{\"added\": {}}]"}}, {"model": "admin.logentry", "pk": 26, "fields": {"action_time": "2019-05-04T05:58:42.596Z", "user": 1, "content_type": 4, "object_id": "1", "object_repr": "lss", "action_flag": 2, "change_message": "[{\"changed\": {\"fields\": [\"email\"]}}]"}}, {"model": "admin.logentry", "pk": 27, "fields": {"action_time": "2019-05-04T10:59:52.577Z", "user": 1, "content_type": 4, "object_id": "1", "object_repr": "lss", "action_flag": 2, "change_message": "[{\"changed\": {\"fields\": [\"email\"]}}]"}}, {"model": "admin.logentry", "pk": 28, "fields": {"action_time": "2019-05-04T11:06:18.097Z", "user": 1, "content_type": 4, "object_id": "2", "object_repr": "aaa", "action_flag": 3, "change_message": ""}}, {"model": "admin.logentry", "pk": 29, "fields": {"action_time": "2019-05-04T11:14:31.789Z", "user": 1, "content_type": 4, "object_id": "1", "object_repr": "lss", "action_flag": 2, "change_message": "[{\"changed\": {\"fields\": [\"email\"]}}]"}}, {"model": "admin.logentry", "pk": 30, "fields": {"action_time": "2019-05-08T09:21:53.435Z", "user": 1, "content_type": 8, "object_id": "31", "object_repr": "<Blog:>", "action_flag": 3, "change_message": ""}}, {"model": "admin.logentry", "pk": 31, "fields": {"action_time": "2019-05-08T09:21:58.632Z", "user": 1, "content_type": 8, "object_id": "30", "object_repr": "<Blog:>", "action_flag": 3, "change_message": ""}}, {"model": "admin.logentry", "pk": 32, "fields": {"action_time": "2019-05-08T09:26:24.668Z", "user": 1, "content_type": 8, "object_id": "33", "object_repr": "<Blog:>", "action_flag": 3, "change_message": ""}}]